Gene,Cell Type,Gene,Coefficient
Ano3,10_Novel,Ano3,0.6673518747277285
Nlgn1,10_Novel,Nlgn1,0.3176238667556517
Nxph1,10_Novel,Nxph1,0.2319725580341582
Nell1,10_Novel,Nell1,0.2719178248339862
Calb1,10_Novel,Calb1,0.2765985877417821
Robo1,10_Novel,Robo1,0.3805874912025413
Spock1,10_Novel,Spock1,0.2410852002387071
Mgat4c,10_Novel,Mgat4c,0.3090731314296963
Tafa1,10_Novel,Tafa1,0.433950381491132
Pcdh9,10_Novel,Pcdh9,0.5728070490738159
Hcn1,10_Novel,Hcn1,0.2995576211325595
Cdh6,10_Novel,Cdh6,0.2887889484234913
Sema6a,10_Novel,Sema6a,0.2508559073205011
Tmeff2,10_Novel,Tmeff2,0.3825991399957262
Ntng1,10_Novel,Ntng1,0.3174504666543031
Fat3,10_Novel,Fat3,0.3192984172946548
Pou6f2,10_Novel,Pou6f2,0.4510402188407982
Sdk1,10_Novel,Sdk1,0.3996934786998421
Alk,10_Novel,Alk,0.2948221812954305
Chrm3,11_Novel,Chrm3,0.7234314733506715
Ntng1,11_Novel,Ntng1,0.3306433209166167
Sox6,11_Novel,Sox6,0.3541562738392977
Cntn5,11_Novel,Cntn5,0.3800498916080428
Pvalb,11_Novel,Pvalb,0.6636709086749791
Cplx2,11_Novel,Cplx2,0.3752457345895319
Adcy2,11_Novel,Adcy2,0.3014892116084765
Sgcz,11_Novel,Sgcz,0.4346862656757263
Tac1,11_Novel,Tac1,0.7720125688076257
Tenm1,11_Novel,Tenm1,0.2742002913092089
Lingo2,11_Novel,Lingo2,0.4177456989153387
Kcnd3,11_Novel,Kcnd3,0.2758391980863913
Pex5l,11_Novel,Pex5l,0.6082914431170783
Hs6st3,11_Novel,Hs6st3,0.4025195240627214
Nrn1,11_Novel,Nrn1,0.3680128214096507
Ebf3,11_Novel,Ebf3,0.622613099700653
Galntl6,11_Novel,Galntl6,0.2566621138635575
Sdk1,11_Novel,Sdk1,0.4567565213037532
Pcdh7,12_ooDS_NT,Pcdh7,0.4357152859445804
Plcb1,12_ooDS_NT,Plcb1,0.4916056908580259
Pcdh10,12_ooDS_NT,Pcdh10,0.6192961939125652
Pcp4l1,12_ooDS_NT,Pcp4l1,0.4234265013414905
Rgs6,12_ooDS_NT,Rgs6,0.6322801705986522
Alk,12_ooDS_NT,Alk,0.8358472750850068
Pcdh9,12_ooDS_NT,Pcdh9,0.5502988201348666
Cntn4,12_ooDS_NT,Cntn4,0.45841361947157
Nell1,12_ooDS_NT,Nell1,0.5875053433701789
Cplx1,12_ooDS_NT,Cplx1,1.0743874843856267
Dab1,12_ooDS_NT,Dab1,0.4814839492432319
Dgkb,12_ooDS_NT,Dgkb,0.59783051161315
Gabrg3,12_ooDS_NT,Gabrg3,0.7297519556453602
Kcnb2,12_ooDS_NT,Kcnb2,0.4592409722084512
Nefm,12_ooDS_NT,Nefm,0.4877779546768679
Kcnh7,12_ooDS_NT,Kcnh7,0.7418734378113333
Ncam2,12_ooDS_NT,Ncam2,0.5356956848394012
Sparcl1,12_ooDS_NT,Sparcl1,0.4204219253634646
Galntl6,13_Novel,Galntl6,0.4441256243767845
Gabrg3,13_Novel,Gabrg3,0.8986949831634111
Nrgn,13_Novel,Nrgn,0.449589209129225
Dpp10,13_Novel,Dpp10,0.6977285301295356
Pcdh11x,13_Novel,Pcdh11x,0.3794847977029263
Crhbp,13_Novel,Crhbp,0.3408768396080009
Cplx2,13_Novel,Cplx2,0.7101061565806285
Ptprm,13_Novel,Ptprm,0.3729299840134926
Cntnap5a,13_Novel,Cntnap5a,0.3478423676959529
Cntn5,13_Novel,Cntn5,0.9984597256819846
Pcdh7,13_Novel,Pcdh7,0.3680359980044341
Fstl5,13_Novel,Fstl5,0.3650628112895218
Nrg1_ENSMUSG00000062991,13_Novel,Nrg1_ENSMUSG00000062991,1.0186005008359404
Sox6,13_Novel,Sox6,0.4093114303376219
Runx1,13_Novel,Runx1,0.4313461735962874
Tppp3,13_Novel,Tppp3,0.3684527839604227
Sdk1,13_Novel,Sdk1,0.344967744722997
Cck,14_ooDS_Cck,Cck,0.5156848952055277
Vsnl1,14_ooDS_Cck,Vsnl1,0.3133356642105411
Pou6f2,14_ooDS_Cck,Pou6f2,0.3486914283184271
Mgat4c,14_ooDS_Cck,Mgat4c,0.6913443125439214
Astn2,14_ooDS_Cck,Astn2,0.2899538149533089
Sema3a,14_ooDS_Cck,Sema3a,0.4401904982740255
Cdh18,14_ooDS_Cck,Cdh18,0.3927492065972924
Pcdh11x,14_ooDS_Cck,Pcdh11x,0.2604974423920144
Lingo2,14_ooDS_Cck,Lingo2,0.2962701725288144
Asic2,14_ooDS_Cck,Asic2,0.2694129756358101
Kirrel3,14_ooDS_Cck,Kirrel3,0.4852936569980718
Sorcs1,14_ooDS_Cck,Sorcs1,0.4791640090327861
Csmd1,14_ooDS_Cck,Csmd1,0.2553288707110174
Nrg1_ENSMUSG00000062991,14_ooDS_Cck,Nrg1_ENSMUSG00000062991,0.4670357327289274
Crim1,14_ooDS_Cck,Crim1,0.2842254569064863
Gabrg3,14_ooDS_Cck,Gabrg3,0.2928723816055881
Cdh12,14_ooDS_Cck,Cdh12,0.2994288667186264
Penk,15_Novel,Penk,0.5009302883517188
Tshz2,15_Novel,Tshz2,0.4983480615138987
Schip1,15_Novel,Schip1,0.3762311176467023
Kirrel3,15_Novel,Kirrel3,0.6806234965471791
Cpne4,15_Novel,Cpne4,0.3379098722430756
Meis2,15_Novel,Meis2,0.7261113330288125
Ebf1,15_Novel,Ebf1,0.4125463701895565
Pcdh11x,15_Novel,Pcdh11x,0.7015609367629234
Tppp3,15_Novel,Tppp3,0.3915978083783711
Nrgn,15_Novel,Nrgn,0.6991910079296483
Galntl6,15_Novel,Galntl6,0.5716814672170722
Asic2,15_Novel,Asic2,0.4171800068784585
Mid1,15_Novel,Mid1,0.5434981247093056
Tenm3,15_Novel,Tenm3,0.4220780071017474
Crhbp,15_Novel,Crhbp,0.8540505642504328
Cntnap5a,15_Novel,Cntnap5a,0.61587835192953
Dpp10,15_Novel,Dpp10,0.4176269016539435
Grin2a,15_Novel,Grin2a,0.3595674677543802
Crhbp,16_ooDS_DV,Crhbp,0.472626346982152
Pcdh11x,16_ooDS_DV,Pcdh11x,0.6990301868548514
Tafa1,16_ooDS_DV,Tafa1,0.5149040380692473
Nrn1,16_ooDS_DV,Nrn1,0.3129480968843959
Opcml,16_ooDS_DV,Opcml,0.3499960264915796
Cplx2,16_ooDS_DV,Cplx2,0.331900338479524
Pcp4,16_ooDS_DV,Pcp4,0.3888659182533645
6330411D24Rik,16_ooDS_DV,6330411D24Rik,0.32538116519949
Ralyl,16_ooDS_DV,Ralyl,0.2842653688090162
Rgs4,16_ooDS_DV,Rgs4,0.604112684224465
Cntn5,16_ooDS_DV,Cntn5,0.4868259722093943
Gm32647,16_ooDS_DV,Gm32647,0.3325844959241776
Cdh6,16_ooDS_DV,Cdh6,0.7838889099604528
Ebf1,16_ooDS_DV,Ebf1,0.3071330874509159
Hs3st4,16_ooDS_DV,Hs3st4,0.7450732302727034
Scg2,16_ooDS_DV,Scg2,0.5284084549846081
Col25a1,16_ooDS_DV,Col25a1,0.5978589386113071
Clstn2,16_ooDS_DV,Clstn2,0.3521776359760589
Alk,16_ooDS_DV,Alk,0.3138447309115399
Pcp4,17_Tbr1_S1,Pcp4,0.5495286877965374
Crhbp,17_Tbr1_S1,Crhbp,0.4039399077668497
Ctxn3,17_Tbr1_S1,Ctxn3,0.6165840973246689
Hs3st4,17_Tbr1_S1,Hs3st4,0.5373806848982322
Ntng1,17_Tbr1_S1,Ntng1,0.4592330054981841
Zmat4,17_Tbr1_S1,Zmat4,0.3720489589435535
Ebf1,17_Tbr1_S1,Ebf1,0.3768828935183768
Nrgn,17_Tbr1_S1,Nrgn,1.0411606089703795
Lrrc4c,17_Tbr1_S1,Lrrc4c,0.7445334185917996
Kirrel3,17_Tbr1_S1,Kirrel3,0.4539573363480235
Rgs4,17_Tbr1_S1,Rgs4,0.4164877345807766
Cntnap5a,17_Tbr1_S1,Cntnap5a,0.7172498800508769
Meis2,17_Tbr1_S1,Meis2,0.7466379563861095
Rprm,17_Tbr1_S1,Rprm,0.5640454384985465
Nrg1_ENSMUSG00000062991,17_Tbr1_S1,Nrg1_ENSMUSG00000062991,0.4891318323417396
Pou6f2,17_Tbr1_S1,Pou6f2,0.4740938593389939
Inpp4b,17_Tbr1_S1,Inpp4b,0.4086665792140363
Csmd1,17_Tbr1_S1,Csmd1,0.4337698212178216
Vgf,18_Novel,Vgf,0.5331325703344179
Nefm,18_Novel,Nefm,0.4267626555627159
Il1rapl1,18_Novel,Il1rapl1,0.5386727805234011
Grin2a,18_Novel,Grin2a,1.0199465776513896
Spon1,18_Novel,Spon1,0.6605045284896994
Cdh18,18_Novel,Cdh18,0.8809288271980044
Lrrtm4,18_Novel,Lrrtm4,0.9641834847134182
Csmd1,18_Novel,Csmd1,0.5236516431495081
Spock1,18_Novel,Spock1,0.5234204481509811
Etl4,18_Novel,Etl4,0.398512048349301
Nrn1,18_Novel,Nrn1,0.4316565083392784
Aldoc,18_Novel,Aldoc,0.5672475418533299
Pcdh9,18_Novel,Pcdh9,0.5386276467183134
Cntnap2,18_Novel,Cntnap2,0.511507377632362
Pou6f2,18_Novel,Pou6f2,0.827579815060488
Rbpms,18_Novel,Rbpms,0.4003966084429768
Rgs6,18_Novel,Rgs6,0.5877969820391197
Kcnh7,19_Novel,Kcnh7,0.3143845007859043
Schip1,19_Novel,Schip1,0.7312511696156834
Tafa1,19_Novel,Tafa1,0.5752756573787225
Hs6st3,19_Novel,Hs6st3,0.4738025739398173
Ldb2,19_Novel,Ldb2,0.3887977447963596
Pcdh9,19_Novel,Pcdh9,0.5641348510362905
Brinp3,19_Novel,Brinp3,0.3848380706020941
Lrrc4c,19_Novel,Lrrc4c,0.6599790585856748
Penk,19_Novel,Penk,0.7523821165529598
Tenm1,19_Novel,Tenm1,0.3923063965651832
Csmd3,19_Novel,Csmd3,0.4007453383571476
Nell1,19_Novel,Nell1,0.5927895346856445
Id4,19_Novel,Id4,0.2925541560727168
Nefm,19_Novel,Nefm,0.423462592712765
Alcam,19_Novel,Alcam,0.4695285225354409
Ebf3,19_Novel,Ebf3,0.4091239517099863
Sorcs1,19_Novel,Sorcs1,0.323945564315071
Nkain3,19_Novel,Nkain3,0.3506825068688085
C130073E24Rik,1_W3D1.1,C130073E24Rik,0.6580616173695558
Alcam,1_W3D1.1,Alcam,0.6146843313130175
Nrn1,1_W3D1.1,Nrn1,0.4797888606847415
Serpine2,1_W3D1.1,Serpine2,0.5978500262158518
Kcnc2,1_W3D1.1,Kcnc2,0.600362844894487
Brinp3,1_W3D1.1,Brinp3,0.4753886431960628
Cntnap5a,1_W3D1.1,Cntnap5a,0.8509513364162667
Ptprm,1_W3D1.1,Ptprm,0.6462427321241051
Megf11,1_W3D1.1,Megf11,0.5825050667916147
Sgcz,1_W3D1.1,Sgcz,0.6242478833429613
Hspb1,1_W3D1.1,Hspb1,0.9283955307374212
Pcdh10,1_W3D1.1,Pcdh10,1.026052035312679
Ncam2,1_W3D1.1,Ncam2,1.071694885492846
Mgat4c,1_W3D1.1,Mgat4c,0.5233141632505621
Rbpms2,1_W3D1.1,Rbpms2,0.5365509573436031
Phactr1,1_W3D1.1,Phactr1,0.4735129618737432
Tshz2,20_Novel,Tshz2,0.7446867896168645
Nfib,20_Novel,Nfib,0.5598397192198324
Nnat,20_Novel,Nnat,0.5491704805972546
Penk,20_Novel,Penk,1.4837648218586676
Cd63,20_Novel,Cd63,0.5223079238552368
Cntn5,20_Novel,Cntn5,0.6197112329795246
Pcdh9,20_Novel,Pcdh9,0.869944239860425
Gm32647,20_Novel,Gm32647,0.6516148854882489
Resp18,20_Novel,Resp18,0.7260604663109106
Luzp2,20_Novel,Luzp2,0.943987602010229
Meis2,20_Novel,Meis2,1.2056056571118572
Chrm3,20_Novel,Chrm3,0.5943646582348592
Gpc6,20_Novel,Gpc6,0.5825231071230609
Ebf3,20_Novel,Ebf3,0.5152458033428857
Rbfox1,20_Novel,Rbfox1,0.5471906609960991
Hpgd,21_Tbr1_S2,Hpgd,0.511288245723307
Gabrg3,21_Tbr1_S2,Gabrg3,0.4692475471664814
Rgs4,21_Tbr1_S2,Rgs4,0.5995325108545929
Tppp3,21_Tbr1_S2,Tppp3,0.3921743356261881
Pvalb,21_Tbr1_S2,Pvalb,0.6015654076675525
Asic2,21_Tbr1_S2,Asic2,0.4617869122224488
Cntn5,21_Tbr1_S2,Cntn5,0.5479634327988335
Nlgn1,21_Tbr1_S2,Nlgn1,0.6108752161196765
Tafa2,21_Tbr1_S2,Tafa2,0.4729829423438547
Mgat4c,21_Tbr1_S2,Mgat4c,0.4060396055763929
Sgcz,21_Tbr1_S2,Sgcz,0.7965735439936534
Mast4,21_Tbr1_S2,Mast4,0.4488692573763955
Lrrc4c,21_Tbr1_S2,Lrrc4c,1.123008038980898
Zeb2,21_Tbr1_S2,Zeb2,0.3714995388437728
Ntng1,21_Tbr1_S2,Ntng1,0.4293622638660497
Pcp4,21_Tbr1_S2,Pcp4,0.5202218423727691
Nefm,21_Tbr1_S2,Nefm,0.388892887740827
Nrgn,21_Tbr1_S2,Nrgn,0.3813077685023071
Tshz2,21_Tbr1_S2,Tshz2,0.5979978606690086
Csmd1,22_M5,Csmd1,0.2649043928129596
Trhde,22_M5,Trhde,0.6389514207983672
Nebl,22_M5,Nebl,0.2108792613734489
Galntl6,22_M5,Galntl6,0.3214667992769155
Ndnf,22_M5,Ndnf,0.2071742039857885
Nkain2,22_M5,Nkain2,0.211396618160473
Aldoc,22_M5,Aldoc,0.3351661976810666
Sox6,22_M5,Sox6,0.215280519168956
Tenm3,22_M5,Tenm3,0.209966200073577
Gpc5,22_M5,Gpc5,0.7321782949559626
Pcdh15,22_M5,Pcdh15,0.238103524860377
Rgs6,22_M5,Rgs6,0.2168366799238646
Sgcd,22_M5,Sgcd,0.6724978878415582
Lrp1b,22_M5,Lrp1b,0.246480470827246
Kirrel3,22_M5,Kirrel3,0.4629985240916598
Hs3st4,22_M5,Hs3st4,0.2280649992887316
Pcp4,22_M5,Pcp4,0.4351007969697442
Ctxn3,22_M5,Ctxn3,0.6136321352889138
Mgat4c,22_M5,Mgat4c,0.2424295011915393
Pcp4l1,22_M5,Pcp4l1,0.223304893156275
Chrm2,23_W3D2,Chrm2,1.3291440316344667
Dpp10,23_W3D2,Dpp10,0.7646988728891612
Egfem1,23_W3D2,Egfem1,0.456904972507155
6330411D24Rik,23_W3D2,6330411D24Rik,0.8378659434657013
Maml2,23_W3D2,Maml2,0.3179029864263043
Ptn,23_W3D2,Ptn,0.6024434905424283
Mafb,23_W3D2,Mafb,1.1891044767902117
Lrrc4c,23_W3D2,Lrrc4c,0.4678316373514534
Pvalb,23_W3D2,Pvalb,1.163741159863505
Rbfox1,23_W3D2,Rbfox1,0.3705465421503269
Kcnd2,23_W3D2,Kcnd2,0.858019142812104
Isl1,23_W3D2,Isl1,0.3201897520338038
Nrn1,23_W3D2,Nrn1,0.3437977546277868
Grm7,23_W3D2,Grm7,0.3688746102618426
Hpgd,23_W3D2,Hpgd,0.577668933475605
Pcdh7,23_W3D2,Pcdh7,0.5625357464322275
Gabrg3,23_W3D2,Gabrg3,0.4872065008183909
Tppp3,23_W3D2,Tppp3,0.8633067077348715
Grm1,23_W3D2,Grm1,0.3195477675960109
Sphkap,23_W3D2,Sphkap,0.56764489893787
Ptprt,24_Novel,Ptprt,0.513273134755727
Pvalb,24_Novel,Pvalb,0.8233924808013255
Sgcz,24_Novel,Sgcz,0.5128990150276806
Pcdh10,24_Novel,Pcdh10,0.5744963946616827
Alcam,24_Novel,Alcam,0.617819053102764
Sgcd,24_Novel,Sgcd,0.5112572974145468
Vsnl1,24_Novel,Vsnl1,0.3562713582517988
Pcdh9,24_Novel,Pcdh9,0.4465046779983392
Tppp3,24_Novel,Tppp3,0.6343203392500186
Clstn2,24_Novel,Clstn2,0.5017905578564701
Tafa2,24_Novel,Tafa2,0.3986522269557311
Hpgd,24_Novel,Hpgd,0.3892615753237792
Dpp10,24_Novel,Dpp10,0.7072525706236279
Rgs2,24_Novel,Rgs2,0.3776448492432274
Ano3,24_Novel,Ano3,0.7073950728252802
Gm32647,24_Novel,Gm32647,1.1191382126382072
Gabrg3,24_Novel,Gabrg3,0.3892047566985378
Egfem1,24_Novel,Egfem1,0.4350388472026298
Calb1,24_Novel,Calb1,1.2612594903087495
Zmat4,25_Novel,Zmat4,0.3214556710861854
Rbpms2,25_Novel,Rbpms2,0.3011278356667915
Ptn,25_Novel,Ptn,0.5354969399015389
Ralyl,25_Novel,Ralyl,0.302212290655003
Nell1,25_Novel,Nell1,0.3777220764843464
Cplx1,25_Novel,Cplx1,0.4727944635157489
Nxph1,25_Novel,Nxph1,0.2530827536723947
Fabp5,25_Novel,Fabp5,0.3052765067660865
Nefm,25_Novel,Nefm,0.4227175223534578
Meis2,25_Novel,Meis2,0.3485392596404296
Kirrel3,25_Novel,Kirrel3,0.5016705338743338
Tafa1,25_Novel,Tafa1,0.3183149709712105
Inpp4b,25_Novel,Inpp4b,0.3167405789858539
Grid2,25_Novel,Grid2,0.7031893065297663
Ebf1,25_Novel,Ebf1,0.3209625429069715
Pcdh9,25_Novel,Pcdh9,0.2885485856401321
Rgs6,25_Novel,Rgs6,0.4869295879992878
Lrrtm4,25_Novel,Lrrtm4,0.2858740814732409
Meis2,26_Novel,Meis2,0.4233151609385396
Nxph1,26_Novel,Nxph1,0.4314246501026324
Aldoc,26_Novel,Aldoc,0.3353885922353209
Sgcz,26_Novel,Sgcz,0.7610374862397107
Penk,26_Novel,Penk,0.6584990553023641
C130073E24Rik,26_Novel,C130073E24Rik,0.3510116361847599
Pcdh11x,26_Novel,Pcdh11x,0.7005400815524156
Cplx1,26_Novel,Cplx1,0.5784136657354304
Fabp5,26_Novel,Fabp5,0.3386919992764969
Vsnl1,26_Novel,Vsnl1,0.3701764129351965
Nell1,26_Novel,Nell1,0.4786006245848403
Pcdh15,26_Novel,Pcdh15,0.4570898572070421
Sorcs3,26_Novel,Sorcs3,0.4381365184573109
Sorcs1,26_Novel,Sorcs1,0.664377345456541
Grm5,26_Novel,Grm5,0.3745066391564741
Igfbp5,26_Novel,Igfbp5,0.7836147981873928
Pcdh7,26_Novel,Pcdh7,0.4304781368069437
Lrrtm4,26_Novel,Lrrtm4,0.4341536687274911
Kcnq5,26_Novel,Kcnq5,0.6105822460778118
Cntnap2,27_Novel,Cntnap2,0.4064944087326538
Cplx1,27_Novel,Cplx1,0.3860930256726994
Nrn1,27_Novel,Nrn1,0.5238678222289272
Nrgn,27_Novel,Nrgn,0.9071317916132045
Sgcz,27_Novel,Sgcz,0.3102786937682695
Nefm,27_Novel,Nefm,0.3952934825275723
Sorcs1,27_Novel,Sorcs1,0.705226863027367
Sgcd,27_Novel,Sgcd,0.7108124797849067
Kirrel3,27_Novel,Kirrel3,0.3358061791182356
Sox6,27_Novel,Sox6,0.4984635991620469
Pvalb,27_Novel,Pvalb,0.6776512097152231
Kcnip1,27_Novel,Kcnip1,0.4928406746249634
Atp1b1,27_Novel,Atp1b1,0.4373997810258257
Alk,27_Novel,Alk,0.5272597963042154
Sdk1,27_Novel,Sdk1,0.6636780549765953
Ebf3,27_Novel,Ebf3,0.4185598153813683
Dab1,27_Novel,Dab1,0.31675494602407
Cck,27_Novel,Cck,0.4098778107711229
Nefm,28_FmidiOFF,Nefm,0.3331781113817312
Foxp2,28_FmidiOFF,Foxp2,0.3285110681780727
Cntn5,28_FmidiOFF,Cntn5,0.4561866584428101
Gabra2,28_FmidiOFF,Gabra2,0.3679341930659566
Robo1,28_FmidiOFF,Robo1,0.4721129839036838
Rprm,28_FmidiOFF,Rprm,0.3893154160898129
Tac1,28_FmidiOFF,Tac1,1.0218923775218989
Pvalb,28_FmidiOFF,Pvalb,0.573607966540834
Pcdh9,28_FmidiOFF,Pcdh9,0.5242006254251348
Kcnb2,28_FmidiOFF,Kcnb2,0.3966565970452853
Serpine2,28_FmidiOFF,Serpine2,0.3534674263396322
Cplx2,28_FmidiOFF,Cplx2,0.5462485573179201
Ywhah,28_FmidiOFF,Ywhah,0.3805267511711293
Frmpd4,28_FmidiOFF,Frmpd4,0.3558186718709032
Unc13c,28_FmidiOFF,Unc13c,0.3439667047147893
Sphkap,28_FmidiOFF,Sphkap,0.3819305471032854
Vsnl1,28_FmidiOFF,Vsnl1,0.3779648507184439
Pcdh11x,28_FmidiOFF,Pcdh11x,0.4841050899178124
Stxbp6,29_Novel,Stxbp6,0.5359124327361492
Rgs4,29_Novel,Rgs4,0.6686217700982302
Gm32647,29_Novel,Gm32647,0.5393934196249756
Cpne5,29_Novel,Cpne5,0.8658606498922651
Lrrtm4,29_Novel,Lrrtm4,0.5738781371512641
Grid2,29_Novel,Grid2,0.6961151274879162
Isl1,29_Novel,Isl1,0.508406680295378
Grm1,29_Novel,Grm1,0.4518076997028978
Sparcl1,29_Novel,Sparcl1,0.4412318001630297
Cplx1,29_Novel,Cplx1,0.8897053228583106
Sphkap,29_Novel,Sphkap,0.5369697459713031
Gabrb1,29_Novel,Gabrb1,0.5564277647383187
Nlgn1,29_Novel,Nlgn1,0.6368652058780823
Brinp3,29_Novel,Brinp3,0.4549515107833431
Meis2,29_Novel,Meis2,1.1535574997458586
Ebf1,29_Novel,Ebf1,0.5893292324130357
Cntnap2,29_Novel,Cntnap2,0.6364744705474813
Ppp1r17,2_W3D1.2,Ppp1r17,1.0003526906256932
Grin2a,2_W3D1.2,Grin2a,1.084053935042456
Pou6f2,2_W3D1.2,Pou6f2,1.1992247701372825
Grm5,2_W3D1.2,Grm5,0.4905082285993942
Csmd3,2_W3D1.2,Csmd3,0.6050419072226592
Gpc6,2_W3D1.2,Gpc6,0.8633794611798222
Cpne4,2_W3D1.2,Cpne4,0.6973023305401045
Chst9,2_W3D1.2,Chst9,0.5068831603358867
Sdk1,2_W3D1.2,Sdk1,1.2030552693444798
Ano3,2_W3D1.2,Ano3,0.9286541097448716
Tshz2,2_W3D1.2,Tshz2,0.6062336717581993
D130009I18Rik,2_W3D1.2,D130009I18Rik,1.0762156498828286
Khdrbs2,2_W3D1.2,Khdrbs2,0.5549193237470627
Tafa1,2_W3D1.2,Tafa1,0.66261289937984
Thsd7b,2_W3D1.2,Thsd7b,0.7669685396369602
Tppp3,2_W3D1.2,Tppp3,0.5264889567415567
Tac1,2_W3D1.2,Tac1,1.1498100669112874
Nrgn,2_W3D1.2,Nrgn,0.6144111924182832
Thrb,30_Novel,Thrb,0.5961564436245973
Nkain3,30_Novel,Nkain3,0.7573829869330697
Vgf,30_Novel,Vgf,1.443807917037718
Rbpms,30_Novel,Rbpms,0.4596366732347089
Cd63,30_Novel,Cd63,0.7300569636276459
Fos,30_Novel,Fos,0.4614678590068996
Cntn5,30_Novel,Cntn5,1.056689319895624
Kcnd2,30_Novel,Kcnd2,1.5636284546198052
Pcdh7,30_Novel,Pcdh7,0.5088694044770128
Pou6f2,30_Novel,Pou6f2,0.6457317969103556
Galntl6,30_Novel,Galntl6,0.7776469657348266
Gm32647,30_Novel,Gm32647,0.668771309906257
Lrp1b,30_Novel,Lrp1b,0.8776739960735905
Aldoc,30_Novel,Aldoc,0.6651376548787259
Trarg1,30_Novel,Trarg1,0.5084757861432136
Calb1,30_Novel,Calb1,1.0124839653391196
Thsd7b,31_M2,Thsd7b,0.395331954636783
Dlgap1,31_M2,Dlgap1,0.4088236298547582
Fabp5,31_M2,Fabp5,0.4224214010852388
Gm32647,31_M2,Gm32647,0.7890763901530252
Tbx20,31_M2,Tbx20,0.3929534531662457
Rgs4,31_M2,Rgs4,0.5708302493881562
Ctxn3,31_M2,Ctxn3,0.6032609847892068
Opn4,31_M2,Opn4,0.4892451147446918
Nell1,31_M2,Nell1,0.5010118140106026
Man1a,31_M2,Man1a,0.3463307676978376
Lrrc4c,31_M2,Lrrc4c,0.3231749670811396
Pcdh9,31_M2,Pcdh9,0.4085763183667004
Ntrk3,31_M2,Ntrk3,0.4022248122246229
Lrp1b,31_M2,Lrp1b,0.3515638004182841
Sdk1,31_M2,Sdk1,0.4234228211861283
Scg2,31_M2,Scg2,0.3803197622326624
Astn2,31_M2,Astn2,0.3237925235013584
Spp1,31_M2,Spp1,0.908746150361794
Junb,31_M2,Junb,0.3342305930495077
Igfbp5,31_M2,Igfbp5,0.3261228070986841
Dlgap1,32_F_Novel,Dlgap1,0.3913131027329206
Ptprm,32_F_Novel,Ptprm,0.2222853947988805
Cntnap2,32_F_Novel,Cntnap2,0.2538061439114382
Vsnl1,32_F_Novel,Vsnl1,0.2282390110322626
Egfem1,32_F_Novel,Egfem1,0.3478301876139777
Pals2,32_F_Novel,Pals2,0.2277588615904922
Scg2,32_F_Novel,Scg2,0.26646150943208
Fat3,32_F_Novel,Fat3,0.2556697761619032
Ntng1,32_F_Novel,Ntng1,0.6631440973081218
Vgf,32_F_Novel,Vgf,0.3679025310709384
Sgcz,32_F_Novel,Sgcz,0.4140780843117389
Coch,32_F_Novel,Coch,0.8634240196857375
Foxp2,32_F_Novel,Foxp2,0.6243848591715365
Meis2,32_F_Novel,Meis2,0.4095816735250577
Lrrtm4,32_F_Novel,Lrrtm4,0.2300916050019604
Galntl6,32_F_Novel,Galntl6,0.4176379367284547
Spon1,32_F_Novel,Spon1,0.499349837436673
Lmo4,32_F_Novel,Lmo4,0.3674970999984839
Resp18,33_M1,Resp18,0.5578153237033158
Asic2,33_M1,Asic2,0.3377190117234088
Kcnq5,33_M1,Kcnq5,0.3397561184925557
Rprm,33_M1,Rprm,0.4968706490435429
Fabp5,33_M1,Fabp5,0.4473857888197903
Lingo2,33_M1,Lingo2,0.2881709378730623
Cdh18,33_M1,Cdh18,0.3746800355280597
Pcdh9,33_M1,Pcdh9,0.3655681334668482
Opn4,33_M1,Opn4,0.4224336755259543
Npas3,33_M1,Npas3,0.5363951228257082
Gpc5,33_M1,Gpc5,0.4595067739303863
Synpr,33_M1,Synpr,0.3642751082578441
Nell1,33_M1,Nell1,0.3569673984478761
Clstn2,33_M1,Clstn2,0.2895727481658414
Crim1,33_M1,Crim1,0.3181801058424292
Csmd1,33_M1,Csmd1,0.4805851924214093
Cntnap2,33_M1,Cntnap2,0.2812862462220745
Cntn5,33_M1,Cntn5,0.4855958208535222
Cpne5,33_M1,Cpne5,0.3978906218573604
Ldhb,34_Novel,Ldhb,0.4829601852249618
Sorcs1,34_Novel,Sorcs1,0.4609186511784273
Sparcl1,34_Novel,Sparcl1,0.4320437033827017
Cntnap5a,34_Novel,Cntnap5a,0.4057432847481004
S100b,34_Novel,S100b,0.5136943703700996
Nefm,34_Novel,Nefm,0.3937068181276636
Lrrtm4,34_Novel,Lrrtm4,0.3632087978727323
Ryr3,34_Novel,Ryr3,0.42510100229
Pcdh7,34_Novel,Pcdh7,0.5751051934367652
Mafb,34_Novel,Mafb,0.3630836245779646
Kcnd2,34_Novel,Kcnd2,0.338196533734421
Kcnip1,34_Novel,Kcnip1,0.5406344803430017
Meis2,34_Novel,Meis2,1.113815477303822
Ntng1,34_Novel,Ntng1,0.4638897662749325
Cplx1,34_Novel,Cplx1,0.5556900002561916
Cpne4,34_Novel,Cpne4,0.8359855363554155
Tpbg,34_Novel,Tpbg,0.3632097952020447
Vsnl1,34_Novel,Vsnl1,0.5573182283830572
Sgcd,34_Novel,Sgcd,0.3762001392689014
Bhlhe22,35_Novel,Bhlhe22,0.4814688157642247
Dpp10,35_Novel,Dpp10,0.7704156754114095
Nkain2,35_Novel,Nkain2,0.7143837316744064
Kirrel3,35_Novel,Kirrel3,1.6485986817223983
Schip1,35_Novel,Schip1,0.8799148928365007
Astn2,35_Novel,Astn2,0.6136419693022905
Etl4,35_Novel,Etl4,0.4762026022436629
Hs6st3,35_Novel,Hs6st3,0.6392708574015329
Opcml,35_Novel,Opcml,0.6564857596731064
Crhbp,35_Novel,Crhbp,0.5980654754278227
Rbpms,35_Novel,Rbpms,0.5407350083248875
Trhde,35_Novel,Trhde,0.4959090789291144
Lrrtm4,35_Novel,Lrrtm4,0.4861224183558185
Ebf1,35_Novel,Ebf1,0.7174070538280561
Tenm3,35_Novel,Tenm3,0.6192055881736696
Nrg1_ENSMUSG00000062991,35_Novel,Nrg1_ENSMUSG00000062991,1.3945408190406825
Cpne9,36_Novel,Cpne9,0.4468349791525235
6330411D24Rik,36_Novel,6330411D24Rik,0.4736457113924867
Cdh6,36_Novel,Cdh6,0.5048705233707351
Stxbp6,36_Novel,Stxbp6,0.6732852310113618
Cdh12,36_Novel,Cdh12,0.4348949738260599
Slc8a1,36_Novel,Slc8a1,0.6669417259697344
Gpc6,36_Novel,Gpc6,0.4911821350428169
Pitpnc1,36_Novel,Pitpnc1,0.3909914482487172
Opcml,36_Novel,Opcml,0.4099532447290648
Rgs6,36_Novel,Rgs6,0.3852744617195437
Ldhb,36_Novel,Ldhb,0.4878869656393963
Coch,36_Novel,Coch,1.0806002118156934
Pcdh11x,36_Novel,Pcdh11x,0.5992282041830325
Gabrb1,36_Novel,Gabrb1,0.3994917336586414
Csmd1,36_Novel,Csmd1,1.2809699761469864
Pcdh17,36_Novel,Pcdh17,0.4381967207687771
Nrg1_ENSMUSG00000062991,36_Novel,Nrg1_ENSMUSG00000062991,0.614199010957626
Cplx1,36_Novel,Cplx1,0.6297013830357311
Sorcs1,36_Novel,Sorcs1,0.409764844774667
Brinp3,37_Novel,Brinp3,0.4299025421161485
Atp1b1,37_Novel,Atp1b1,0.4221896349578078
Rbms3,37_Novel,Rbms3,0.3634985523038129
Rgs6,37_Novel,Rgs6,0.5254438137122677
Ldhb,37_Novel,Ldhb,0.3973306878025903
Ntng1,37_Novel,Ntng1,0.5173362750823418
Pcdh7,37_Novel,Pcdh7,0.5983517811298574
Cdh8,37_Novel,Cdh8,0.3576625023646392
Unc5d,37_Novel,Unc5d,0.3637616145640266
Lingo2,37_Novel,Lingo2,0.3465302547313068
Csmd1,37_Novel,Csmd1,0.3989283554066216
Alk,37_Novel,Alk,0.4595829697367841
Pcp4l1,37_Novel,Pcp4l1,0.3432162166489461
Aldoc,37_Novel,Aldoc,0.4470776140588941
Gpc5,37_Novel,Gpc5,0.438719803400894
Il1rapl2,37_Novel,Il1rapl2,0.4383835431887372
Cplx1,37_Novel,Cplx1,0.3849857276944861
Chrm3,38_FmidiON,Chrm3,0.5244602032506657
Vsnl1,38_FmidiON,Vsnl1,0.4443395577932189
P3h2,38_FmidiON,P3h2,0.3882602010007192
Foxp2,38_FmidiON,Foxp2,0.6793358039863379
Nrgn,38_FmidiON,Nrgn,0.4355243011229105
Cntnap2,38_FmidiON,Cntnap2,0.6735001324509192
Sorcs1,38_FmidiON,Sorcs1,0.7786659625420412
Pcdh11x,38_FmidiON,Pcdh11x,0.3469662943856871
Scg2,38_FmidiON,Scg2,0.555275276599589
Meis2,38_FmidiON,Meis2,1.311731971230361
Pcp4l1,38_FmidiON,Pcp4l1,0.3541948287226248
Nrn1,38_FmidiON,Nrn1,0.5884979150334423
Ebf3,38_FmidiON,Ebf3,0.5401056101603037
Kcnb2,38_FmidiON,Kcnb2,0.4011506768158801
Dpp10,38_FmidiON,Dpp10,0.8981528634804021
Pvalb,38_FmidiON,Pvalb,0.8629561582103091
Unc5c,38_FmidiON,Unc5c,0.6939613150908777
Tshz2,38_FmidiON,Tshz2,0.4144403580859614
Pvalb,39_Novel,Pvalb,0.3138252883001661
Slc24a2,39_Novel,Slc24a2,0.279818983471483
Csmd3,39_Novel,Csmd3,0.4278364146130206
Alk,39_Novel,Alk,0.3437466392622769
Kcnh7,39_Novel,Kcnh7,0.2660765269756779
Lrrtm4,39_Novel,Lrrtm4,0.4218193519926475
Pcdh17,39_Novel,Pcdh17,0.3248113392147774
Kcnip1,39_Novel,Kcnip1,0.3651132857161884
Cplx1,39_Novel,Cplx1,0.5810494163450672
Nefm,39_Novel,Nefm,0.5141864755505403
Sorcs1,39_Novel,Sorcs1,0.4957619815148691
Pex5l,39_Novel,Pex5l,0.5482378776522856
Ano3,39_Novel,Ano3,0.2784300771541053
S100b,39_Novel,S100b,0.4903158028974423
Spon1,39_Novel,Spon1,0.3129303333305044
6330411D24Rik,39_Novel,6330411D24Rik,0.4635542398538058
Vsnl1,39_Novel,Vsnl1,0.2714344405895096
Cntn5,39_Novel,Cntn5,0.350602922328181
Dpp10,3_FminiON,Dpp10,0.3816534196954073
Schip1,3_FminiON,Schip1,0.288386453496093
Foxp2,3_FminiON,Foxp2,0.8371406124723718
Frmpd4,3_FminiON,Frmpd4,0.2745063150178429
Mgat4c,3_FminiON,Mgat4c,0.4696387801331382
Pvalb,3_FminiON,Pvalb,0.411734671983068
Kctd8,3_FminiON,Kctd8,0.3447396122880574
Kcnd2,3_FminiON,Kcnd2,0.4865391589808498
Nlgn1,3_FminiON,Nlgn1,0.2757413400979645
Ptprm,3_FminiON,Ptprm,0.2926894885739713
Grid2,3_FminiON,Grid2,0.7996088588101066
D130079A08Rik,3_FminiON,D130079A08Rik,0.3652993593599035
Spon1,3_FminiON,Spon1,0.4306480488291666
Nrgn,3_FminiON,Nrgn,0.4831176095145708
Trarg1,3_FminiON,Trarg1,0.4970535981908057
Kcnq5,3_FminiON,Kcnq5,0.3537455628393417
Ptchd4,3_FminiON,Ptchd4,0.3993550707294392
Pcdh7,3_FminiON,Pcdh7,0.6474134619688261
Resp18,40_M1dup,Resp18,0.1830753982982615
Clstn2,40_M1dup,Clstn2,0.2092887158819157
Nrg1_ENSMUSG00000062991,40_M1dup,Nrg1_ENSMUSG00000062991,0.2652533455668042
Cntnap2,40_M1dup,Cntnap2,0.2821240425662931
Thsd7b,40_M1dup,Thsd7b,0.3828321823383359
Unc5d,40_M1dup,Unc5d,0.2708271696821928
Opn4,40_M1dup,Opn4,0.566607427256367
Sdk1,40_M1dup,Sdk1,0.2337681981454662
Opcml,40_M1dup,Opcml,0.2933160941768163
Gm32647,40_M1dup,Gm32647,0.4287108987989398
Cd24a,40_M1dup,Cd24a,0.39995188697885
Sgcz,40_M1dup,Sgcz,0.2168872353030752
Ebf3,40_M1dup,Ebf3,0.2443875154827957
Rbms3,40_M1dup,Rbms3,0.3734949606760154
Rprm,40_M1dup,Rprm,0.2892973720158552
Ptprm,40_M1dup,Ptprm,0.2126892337590311
Cpne4,40_M1dup,Cpne4,0.3962585008435715
Etl4,40_M1dup,Etl4,0.2652257035747608
Mgat4c,41_AlphaONT,Mgat4c,0.2728664876036428
Epha6,41_AlphaONT,Epha6,0.2677198252843993
Sema3a,41_AlphaONT,Sema3a,0.2891466401780241
Pcdh17,41_AlphaONT,Pcdh17,0.2922912316156797
Gm32647,41_AlphaONT,Gm32647,0.31427787125455
Kcnb2,41_AlphaONT,Kcnb2,0.3172914908688808
Pvalb,41_AlphaONT,Pvalb,0.7632888456138078
Aldoc,41_AlphaONT,Aldoc,0.2606010276983753
Pcdh9,41_AlphaONT,Pcdh9,0.2992625992823463
Spp1,41_AlphaONT,Spp1,0.5367221171328125
Nefm,41_AlphaONT,Nefm,0.2422882279864503
Clu,41_AlphaONT,Clu,0.2713039140773151
Cplx1,41_AlphaONT,Cplx1,0.2375501660841923
Sgcz,41_AlphaONT,Sgcz,0.3924293201480641
Rgs6,41_AlphaONT,Rgs6,0.2628020698464074
Asic2,41_AlphaONT,Asic2,0.2228030940666021
Nkain2,41_AlphaONT,Nkain2,0.2657935095003148
Etv1,41_AlphaONT,Etv1,0.811746833150369
Cdkn1c,41_AlphaONT,Cdkn1c,0.3646234149232933
Crip2,41_AlphaONT,Crip2,0.3315397858096672
Nefm,42_AlphaOFFS,Nefm,0.3603270804347257
Nme7,42_AlphaOFFS,Nme7,0.2796445029323536
Ralyl,42_AlphaOFFS,Ralyl,0.2361610703286209
Cdh12,42_AlphaOFFS,Cdh12,0.2455541290545703
Nrg1_ENSMUSG00000062991,42_AlphaOFFS,Nrg1_ENSMUSG00000062991,0.1885659759762221
Ntng1,42_AlphaOFFS,Ntng1,0.4716121863146084
Sparcl1,42_AlphaOFFS,Sparcl1,0.2141958768323632
Spp1,42_AlphaOFFS,Spp1,0.8039029881585923
Lrrc4c,42_AlphaOFFS,Lrrc4c,0.2462795578171028
Nxph1,42_AlphaOFFS,Nxph1,0.2493257096528743
Zmat4,42_AlphaOFFS,Zmat4,0.3135740465445238
Pvalb,42_AlphaOFFS,Pvalb,0.3486009101123481
Meis2,42_AlphaOFFS,Meis2,0.3087384600118482
Aldoc,42_AlphaOFFS,Aldoc,0.2232221287964851
Kcnc2,42_AlphaOFFS,Kcnc2,0.1886174130099795
Igfbp2,42_AlphaOFFS,Igfbp2,0.3292870417053227
Fabp5,42_AlphaOFFS,Fabp5,0.198382295453228
Ctxn3,42_AlphaOFFS,Ctxn3,0.2704723852843606
Cplx1,42_AlphaOFFS,Cplx1,0.2819059615775052
Calb1,43_AlphaONS,Calb1,0.3827368000150231
Il1rapl2,43_AlphaONS,Il1rapl2,0.4943379450046857
Sdk1,43_AlphaONS,Sdk1,0.1733237547176516
Coch,43_AlphaONS,Coch,0.1629866581625464
Aldoc,43_AlphaONS,Aldoc,0.1605079690692173
Ctxn3,43_AlphaONS,Ctxn3,0.4917492481992006
Nefm,43_AlphaONS,Nefm,0.2744687873473938
Cplx1,43_AlphaONS,Cplx1,0.201782971677951
Gm32647,43_AlphaONS,Gm32647,0.2135592039944446
Sgcz,43_AlphaONS,Sgcz,0.2058338956141862
S100b,43_AlphaONS,S100b,0.167405182615902
Pvalb,43_AlphaONS,Pvalb,0.3575623026907526
Dlgap1,43_AlphaONS,Dlgap1,0.1710326560422568
Nrg1_ENSMUSG00000062991,43_AlphaONS,Nrg1_ENSMUSG00000062991,0.239950071464421
Prph,43_AlphaONS,Prph,0.2612159019526745
Fat3,43_AlphaONS,Fat3,0.167776811490692
Slc24a2,43_AlphaONS,Slc24a2,0.1717023028623214
Spp1,43_AlphaONS,Spp1,0.4028000225547543
Rgs4,43_AlphaONS,Rgs4,0.2947043657761113
Pcdh9,44_Novel,Pcdh9,0.2409465617446793
Resp18,44_Novel,Resp18,0.2992080256299833
Lingo2,44_Novel,Lingo2,0.1985006752492806
Nell1,44_Novel,Nell1,0.180131925039855
Nlgn1,44_Novel,Nlgn1,0.2452931483308296
Gabrb1,44_Novel,Gabrb1,0.1781745995584812
Rgs6,44_Novel,Rgs6,0.2732061441049262
Sdk1,44_Novel,Sdk1,0.5587306602905002
Ebf3,44_Novel,Ebf3,0.2149569627635439
Pcdh17,44_Novel,Pcdh17,0.2170783125214904
Grm5,44_Novel,Grm5,0.3030208118177895
Etl4,44_Novel,Etl4,0.3899135467431401
Tenm1,44_Novel,Tenm1,0.2157350097171246
Sorcs1,44_Novel,Sorcs1,0.1872052822973151
Ntng1,44_Novel,Ntng1,0.2167172389850312
Chrm3,44_Novel,Chrm3,0.2617297716140038
Clu,44_Novel,Clu,0.2871116014915171
Cntnap2,44_Novel,Cntnap2,0.5578329518523377
Pou6f2,44_Novel,Pou6f2,0.2924976764639492
Pvalb,45_AlphaOFFT,Pvalb,0.0130809060295979
Cdkn1c,45_AlphaOFFT,Cdkn1c,0.0054865337725158
Spp1,45_AlphaOFFT,Spp1,0.0258780860724548
Coch,45_AlphaOFFT,Coch,0.0128714450851457
6330411D24Rik,45_AlphaOFFT,6330411D24Rik,0.0041982724592054
Igfbp2,45_AlphaOFFT,Igfbp2,0.0001631815833123
Etv1,45_AlphaOFFT,Etv1,0.0096736813136815
Mafb,45_AlphaOFFT,Mafb,0.0027841232027311
Tafa1,4_FminiOFF,Tafa1,0.7501603437138226
Rgs6,4_FminiOFF,Rgs6,0.4987638503274538
Lmo4,4_FminiOFF,Lmo4,0.6311680931997072
Csmd3,4_FminiOFF,Csmd3,0.4648137539583755
Reln,4_FminiOFF,Reln,0.3930764511222245
Rprm,4_FminiOFF,Rprm,0.9006240022799543
Gpc6,4_FminiOFF,Gpc6,0.3680095113552441
Rgs10,4_FminiOFF,Rgs10,0.4035597694249026
Lrrc4c,4_FminiOFF,Lrrc4c,0.7890101770305118
Pde1a,4_FminiOFF,Pde1a,0.6043571736732166
Tafa2,4_FminiOFF,Tafa2,0.6341932628373023
Tshz2,4_FminiOFF,Tshz2,0.6849823047418245
Galntl6,4_FminiOFF,Galntl6,0.6538490685560747
Foxp2,4_FminiOFF,Foxp2,0.408564900857212
Zeb2,4_FminiOFF,Zeb2,0.4367471351100172
Thrb,4_FminiOFF,Thrb,0.4373539971143519
Dpp10,4_FminiOFF,Dpp10,0.4234506412459887
Dgkb,5_J-RGC,Dgkb,0.8446221448259834
Ntrk3,5_J-RGC,Ntrk3,0.5197227212379901
Ctxn3,5_J-RGC,Ctxn3,0.4822589910305986
Lingo2,5_J-RGC,Lingo2,0.682664741766393
D130079A08Rik,5_J-RGC,D130079A08Rik,0.5490790323652955
Pcdh10,5_J-RGC,Pcdh10,0.5585585067982788
Tenm2,5_J-RGC,Tenm2,0.6151375534947627
Kcnd2,5_J-RGC,Kcnd2,0.8264742487429788
Crip2,5_J-RGC,Crip2,1.721893318215283
Ebf1,5_J-RGC,Ebf1,0.4656548073513563
Lrrc4c,5_J-RGC,Lrrc4c,0.7261623729886539
Spock3,5_J-RGC,Spock3,0.7740153668251312
Nav3,5_J-RGC,Nav3,0.5274682665993404
Slc24a2,5_J-RGC,Slc24a2,0.6634229378500688
Xist,5_J-RGC,Xist,0.7062482450948622
Nkain3,5_J-RGC,Nkain3,0.5082580297052082
Nrn1,6_W3B,Nrn1,0.4811163272592283
Kcnh7,6_W3B,Kcnh7,0.6100076150126348
Lrrc4c,6_W3B,Lrrc4c,0.5034463464365262
Ptn,6_W3B,Ptn,0.7620195951691444
Ptchd4,6_W3B,Ptchd4,0.3541095540073702
Galnt17,6_W3B,Galnt17,0.3399543139382207
Penk,6_W3B,Penk,1.3079245648651057
Pcdh17,6_W3B,Pcdh17,0.6848054562997543
Sgcd,6_W3B,Sgcd,0.7214671744042442
Pcdh7,6_W3B,Pcdh7,0.388891398244763
Grin2a,6_W3B,Grin2a,0.5786612095931406
Thy1,6_W3B,Thy1,0.3747009396317838
Kcnd2,6_W3B,Kcnd2,0.4133608436798865
Tppp3,6_W3B,Tppp3,0.3226386513619267
Sgcz,6_W3B,Sgcz,1.2729663248650895
Galntl6,6_W3B,Galntl6,0.39080284815348
Pcp4,6_W3B,Pcp4,0.6086620175943137
Rgs4,7_Novel,Rgs4,0.4419559999282373
Cdh6,7_Novel,Cdh6,0.4650362068756229
Lrrc4c,7_Novel,Lrrc4c,0.8145004876953603
Tbx20,7_Novel,Tbx20,0.6535885904388785
Tmeff2,7_Novel,Tmeff2,0.3146266239339849
Grid2,7_Novel,Grid2,0.4549827694578686
Etl4,7_Novel,Etl4,0.4606106215631622
Marchf1,7_Novel,Marchf1,0.352155665711119
Gabrg3,7_Novel,Gabrg3,0.8749088757723517
Kitl,7_Novel,Kitl,0.5738437235752768
Vsnl1,7_Novel,Vsnl1,0.5836785016991899
Synpr,7_Novel,Synpr,0.7315947440573127
Clstn2,7_Novel,Clstn2,0.3004213107897069
Grin2a,7_Novel,Grin2a,0.3354717376344871
Prph,7_Novel,Prph,0.7205064787684419
Nnat,7_Novel,Nnat,0.3345514892541638
Tenm3,7_Novel,Tenm3,0.318452776895062
Rbpms2,7_Novel,Rbpms2,0.3071132648628053
Egr1,7_Novel,Egr1,0.3142194358733582
Tmeff2,8_Novel,Tmeff2,0.4043675129692226
Mast4,8_Novel,Mast4,0.4984026928462554
Cntn5,8_Novel,Cntn5,0.6506559427558214
Ntrk3,8_Novel,Ntrk3,0.3788450886262715
Kcnd2,8_Novel,Kcnd2,0.4100207964569718
Etl4,8_Novel,Etl4,0.4701787496205906
Kirrel3,8_Novel,Kirrel3,0.6263170776035432
Kcnip1,8_Novel,Kcnip1,0.4521628380101088
Pou6f2,8_Novel,Pou6f2,0.5203840234365193
Clstn2,8_Novel,Clstn2,0.6302690959344059
Lrrtm4,8_Novel,Lrrtm4,0.6024385109271866
Pcdh9,8_Novel,Pcdh9,0.5846680398090335
Cdh18,8_Novel,Cdh18,0.6009955752611383
Ebf1,8_Novel,Ebf1,0.600057218395916
Lrfn5,8_Novel,Lrfn5,0.4166378666902515
Rgs4,8_Novel,Rgs4,0.4632460128315309
Cdh6,8_Novel,Cdh6,0.5030738481102547
Tac1,8_Novel,Tac1,1.182578637664562
Tshz2,8_Novel,Tshz2,0.5700294822566699
Luzp2,9_Tbr1_Novel,Luzp2,0.496689136175518
Mid1,9_Tbr1_Novel,Mid1,0.4794048691517347
Lrp1b,9_Tbr1_Novel,Lrp1b,0.4692275552068566
Calb1,9_Tbr1_Novel,Calb1,0.6867739088797361
Isl1,9_Tbr1_Novel,Isl1,0.3994152720119578
Sorcs3,9_Tbr1_Novel,Sorcs3,0.4909614659306585
Crhbp,9_Tbr1_Novel,Crhbp,0.8101554866657974
Lhfpl3,9_Tbr1_Novel,Lhfpl3,0.572808533650618
Cpne4,9_Tbr1_Novel,Cpne4,0.4017117191741045
Alcam,9_Tbr1_Novel,Alcam,0.4262831917903695
Ralyl,9_Tbr1_Novel,Ralyl,0.7405210984713602
Pcdh10,9_Tbr1_Novel,Pcdh10,0.4509304946193014
Gabrb1,9_Tbr1_Novel,Gabrb1,0.3947083876909908
Rprm,9_Tbr1_Novel,Rprm,0.4812877485909763
Gm32647,9_Tbr1_Novel,Gm32647,0.6733473587241103
Cntn5,9_Tbr1_Novel,Cntn5,0.4451670727875583
Cdh8,9_Tbr1_Novel,Cdh8,0.5653705642040127
Alk,9_Tbr1_Novel,Alk,0.3272160361302881
Scg2,9_Tbr1_Novel,Scg2,0.5466170654557879
Csmd1,9_Tbr1_Novel,Csmd1,0.6577240972316736
Tac2,AC,Tac2,0.9030981670513244
Adcy8,AC,Adcy8,0.4101868079563271
Spock1,AC,Spock1,0.4314140235122561
Fxyd6,AC,Fxyd6,0.4171768307134698
Sdk1,AC,Sdk1,0.3239185446487756
Fgf13,AC,Fgf13,0.4161840168767196
Cdh6,AC,Cdh6,0.3997990554228111
Fos,AC,Fos,0.4097332683767533
Vgf,AC,Vgf,0.3791562384331147
Pitpnc1,AC,Pitpnc1,0.3537961965192889
Dscam,AC,Dscam,0.3459818625489206
Pcdh7,AC,Pcdh7,0.3668697978754564
Rgs7,AC,Rgs7,0.3383844983059295
Nell1,AC,Nell1,0.3340194941219455
Hs6st3,AC,Hs6st3,0.3218284891814527
Nlgn1,AC,Nlgn1,0.3314830166011595
Plcb1,AC,Plcb1,0.3541331771042869
Ptn,AC_1,Ptn,0.645433292628948
Chst9,AC_1,Chst9,0.6719420571342355
Cacna2d1,AC_1,Cacna2d1,0.4674017883346748
Rbfox1,AC_1,Rbfox1,0.5575069721408628
Fgf14,AC_1,Fgf14,0.3973593070899718
Lingo2,AC_1,Lingo2,0.5676192281214345
Bhlhe22,AC_1,Bhlhe22,0.7479512882098446
Csmd1,AC_1,Csmd1,0.3547805427317087
Asic2,AC_1,Asic2,0.3965152844757403
Stmn1,AC_1,Stmn1,0.3304720081954549
Tenm3,AC_1,Tenm3,0.4765060489651913
Inpp4b,AC_1,Inpp4b,0.3415371367217465
Tenm2,AC_1,Tenm2,0.4098394425017385
Tafa2,AC_1,Tafa2,0.3547789519721867
Filip1l,AC_1,Filip1l,0.4281326075597317
Slit2,AC_1,Slit2,0.5483358189626792
Ebf1,AC_10,Ebf1,0.1796574604246935
Cntn6,AC_10,Cntn6,0.8864021688137071
Nrxn1,AC_10,Nrxn1,0.3112983229776113
Kcnd3,AC_10,Kcnd3,0.2072161634328597
Schip1,AC_10,Schip1,0.1830503319909376
Cacnb2,AC_10,Cacnb2,0.2600170158551851
Cck,AC_10,Cck,0.4934107810879424
Sox5,AC_10,Sox5,0.2608910273590055
Kirrel3,AC_10,Kirrel3,0.3590959059691558
Nkain2,AC_10,Nkain2,0.2316635455760445
Grik2,AC_10,Grik2,0.6069739672286757
Nckap5,AC_10,Nckap5,0.4786465220360831
Tenm2,AC_10,Tenm2,0.3312734824143111
Grid2,AC_11,Grid2,0.3793178014254736
Mgat4c,AC_11,Mgat4c,0.2443265817736668
Chrm3,AC_11,Chrm3,0.1713361878200437
Kcnd2,AC_11,Kcnd2,0.2397277326788633
Alk,AC_11,Alk,0.2067794449787885
Tenm1,AC_11,Tenm1,0.1627984396536303
Ptprm,AC_11,Ptprm,0.1923609314399721
Lrrc4c,AC_11,Lrrc4c,0.1664290935029434
Kcnip1,AC_11,Kcnip1,0.1853218759948321
C1ql1,AC_11,C1ql1,0.2214142347965694
Pde3a,AC_11,Pde3a,0.1936984899979592
Pantr1,AC_11,Pantr1,0.2358265452982065
Pcdh15,AC_11,Pcdh15,0.176043725125313
Nrg1_ENSMUSG00000062991,AC_11,Nrg1_ENSMUSG00000062991,0.2021586178920305
Tfap2b,AC_11,Tfap2b,0.198114007734184
Kcnh5,AC_11,Kcnh5,0.160371185706575
Camk4,AC_11,Camk4,0.1691765301255532
C1ql2,AC_11,C1ql2,0.1618921188896385
Rprm,AC_11,Rprm,0.1654353640015277
Rgs6,AC_12,Rgs6,0.352917288638844
Lamp5,AC_12,Lamp5,0.2447051004054938
Cntn4,AC_12,Cntn4,0.2307688870531421
Il1rapl2,AC_12,Il1rapl2,0.2042026504103612
Ptprt,AC_12,Ptprt,0.175053129972738
Ebf1,AC_12,Ebf1,0.1580839201505637
Slc24a3,AC_12,Slc24a3,0.2873218086555654
Cdh22,AC_12,Cdh22,0.2784444015748777
Zmat4,AC_12,Zmat4,0.1782355228302463
Kctd8,AC_12,Kctd8,0.2085476423181032
Gas7,AC_12,Gas7,0.3086275606403381
Chrm2,AC_12,Chrm2,0.2472360092577481
Gabra1,AC_12,Gabra1,0.3177905987303629
Rbms3,AC_12,Rbms3,0.3495216977767122
Ly6h,AC_12,Ly6h,0.2098237106900077
Glra3,AC_12,Glra3,0.4294420763204878
Pcdh7,AC_12,Pcdh7,0.4348441152341217
Khdrbs2,AC_13,Khdrbs2,0.2586220466680673
Gabra2,AC_13,Gabra2,0.3181066256539913
Il1rapl1,AC_13,Il1rapl1,0.2055031798185571
Sorcs1,AC_13,Sorcs1,0.3307087355690171
Alk,AC_13,Alk,0.2009823829097119
Gpc6,AC_13,Gpc6,0.2360758764889768
Nxph1,AC_13,Nxph1,0.658769595128087
Gria3,AC_13,Gria3,0.2812367008724429
Ptprm,AC_13,Ptprm,0.1969225898741908
Maml2,AC_13,Maml2,0.254242300428618
Grin2a,AC_13,Grin2a,0.3114500275436374
Tfap2b,AC_13,Tfap2b,0.2742765628414104
A930001A20Rik,AC_13,A930001A20Rik,0.4639536830288038
Slc24a3,AC_13,Slc24a3,0.2089383771992924
Lamp5,AC_13,Lamp5,0.2473837573929105
Car3,AC_13,Car3,0.3446876846138711
Prkg1,AC_13,Prkg1,0.1957615677596681
Slc17a8,AC_13,Slc17a8,0.6408950440211192
Pcdh7,AC_13,Pcdh7,0.4063381030230663
Slc1a3,AC_13,Slc1a3,0.2007404013946692
Cdk14,AC_14,Cdk14,0.2683332096533273
Gpm6b,AC_14,Gpm6b,0.3314702501559809
Cbln2,AC_14,Cbln2,0.7273353980839918
Inpp4b,AC_14,Inpp4b,0.314322930369206
Tenm3,AC_14,Tenm3,0.3511593297587372
Grik1,AC_14,Grik1,0.5329185522966852
Pcdh10,AC_14,Pcdh10,0.3502646386190035
Grin2a,AC_14,Grin2a,0.2831176126145079
Tfap2b,AC_14,Tfap2b,0.5650759267148351
C130073E24Rik,AC_14,C130073E24Rik,0.3020775493937148
Meis2,AC_14,Meis2,0.4255170185284537
Ralyl,AC_14,Ralyl,0.2480066314924806
Shisa8,AC_14,Shisa8,0.3551887646092263
Lingo2,AC_14,Lingo2,0.3283975496985772
Car8,AC_14,Car8,0.2730737867369762
Frmd5,AC_14,Frmd5,0.4381510379078566
Ptprt,AC_14,Ptprt,0.3434700515629731
Il1rapl2,AC_15,Il1rapl2,0.2972505271173801
Cdh22,AC_15,Cdh22,0.1708099596719366
Brinp3,AC_15,Brinp3,0.3583569907446661
Lamp5,AC_15,Lamp5,0.2887862657841089
Nlgn1,AC_15,Nlgn1,0.1793416846294628
Hs6st3,AC_15,Hs6st3,0.2174509232652004
Grid2,AC_15,Grid2,0.2812877528464989
Ebf1,AC_15,Ebf1,0.2244537920191282
Spock1,AC_15,Spock1,0.1862332673760936
Gsta4,AC_15,Gsta4,0.3520408810120741
Nnat,AC_15,Nnat,0.2529991031002234
Grik1,AC_15,Grik1,0.1713604528032138
Cacng3,AC_15,Cacng3,0.1874044587377447
Cacna2d3,AC_15,Cacna2d3,0.2019708119276625
Galntl6,AC_15,Galntl6,0.4900473391536412
Slc1a3,AC_15,Slc1a3,0.3012467228337517
Zmat4,AC_15,Zmat4,0.1949024496098839
Ptprt,AC_15,Ptprt,0.2567530666258472
Rprm,AC_15,Rprm,0.1797788709284119
Alk,AC_15,Alk,0.3147665824138782
Plxna4,AC_16,Plxna4,0.0995399091864093
Esrrg,AC_16,Esrrg,0.1015679647154395
Plcb1,AC_16,Plcb1,0.0908571422112343
Zmat4,AC_16,Zmat4,0.0977911538897446
AI593442,AC_16,AI593442,0.1297025904298003
Junb,AC_16,Junb,0.1003337892187956
Nell1,AC_16,Nell1,0.1103500070521659
Id4,AC_16,Id4,0.132062449371928
Dlgap2,AC_16,Dlgap2,0.1087437186449603
Shisa8,AC_16,Shisa8,0.1092604372881232
Filip1l,AC_16,Filip1l,0.1000041057216306
Tfap2b,AC_16,Tfap2b,0.0957077195645662
Pcdh7,AC_16,Pcdh7,0.1076081955121728
Dab1,AC_16,Dab1,0.1900779498962088
Nrg1_ENSMUSG00000062991,AC_16,Nrg1_ENSMUSG00000062991,0.1486583509302304
Frmd5,AC_16,Frmd5,0.0933954924500211
Csmd1,AC_16,Csmd1,0.1660683360116876
Adarb2,AC_16,Adarb2,0.2017974826697743
Fos,AC_16,Fos,0.1003945317630134
Med12l,AC_17,Med12l,0.109423806901141
Cdh6,AC_17,Cdh6,0.1081937087646087
Megf11,AC_17,Megf11,0.212409737458193
Gad1,AC_17,Gad1,0.1757417576499421
Zmat4,AC_17,Zmat4,0.2066324662537156
Col25a1,AC_17,Col25a1,0.2714686873507081
Sox2ot,AC_17,Sox2ot,0.2304684677013856
Sgcz,AC_17,Sgcz,0.1668744845602576
Etl4,AC_17,Etl4,0.2597411763019195
Spock3,AC_17,Spock3,0.1547079100368885
Il1rapl1,AC_17,Il1rapl1,0.1089749403677033
Rgs6,AC_17,Rgs6,0.192514735283585
Rbfox1,AC_17,Rbfox1,0.2108007746612331
Cacna2d1,AC_17,Cacna2d1,0.1266841844065749
Igfbp7,AC_17,Igfbp7,0.205075466953733
Pcp4,AC_17,Pcp4,0.1312034177645738
Kcnab1,AC_18,Kcnab1,0.2455605288151909
Il1rapl2,AC_18,Il1rapl2,0.3529203815628766
Chrm2,AC_18,Chrm2,0.2033430848927528
Anks1b,AC_18,Anks1b,0.1866681666081066
Cpne4,AC_18,Cpne4,0.5578423659153315
Epha6,AC_18,Epha6,0.2300583900801287
C1ql2,AC_18,C1ql2,0.2237775045173496
Il1rapl1,AC_18,Il1rapl1,0.3671602953306732
Ralyl,AC_18,Ralyl,0.2980398789776607
Nrg1_ENSMUSG00000062991,AC_18,Nrg1_ENSMUSG00000062991,0.2983381464531652
Phactr1,AC_18,Phactr1,0.2865924687374644
Cbln2,AC_18,Cbln2,0.2979475876755107
Dpp10,AC_18,Dpp10,0.2116234221797103
Brinp3,AC_18,Brinp3,0.1912820613207314
C130073E24Rik,AC_18,C130073E24Rik,0.2089145927595846
Hs6st3,AC_18,Hs6st3,0.3428242427216685
Cck,AC_18,Cck,0.3424767759428199
Galntl6,AC_18,Galntl6,0.3668669668650982
Cntnap2,AC_19,Cntnap2,0.306083753842182
Efna5,AC_19,Efna5,0.1878253659753855
Lhfp,AC_19,Lhfp,0.211931310309465
Adarb2,AC_19,Adarb2,0.3088082995237092
Hs6st3,AC_19,Hs6st3,0.2848905966981338
Zfp804a,AC_19,Zfp804a,0.1604382842310353
Pcdh15,AC_19,Pcdh15,0.2409032942261703
Nrg1_ENSMUSG00000062991,AC_19,Nrg1_ENSMUSG00000062991,0.1728818469981528
Dab1,AC_19,Dab1,0.285108581494493
Wwox,AC_19,Wwox,0.376396937524958
Gabrg3,AC_19,Gabrg3,0.1605587316651464
Col25a1,AC_19,Col25a1,0.2805848223884851
Ptprk,AC_19,Ptprk,0.3382285082932743
Tfap2b,AC_19,Tfap2b,0.2153567913941953
Resp18,AC_2,Resp18,0.4603517476629781
Lhfp,AC_2,Lhfp,0.528020847121603
Pde4b,AC_2,Pde4b,0.4917937358043371
Kcna6,AC_2,Kcna6,0.4920853311069784
C1ql1,AC_2,C1ql1,0.7493139913529642
Stxbp6,AC_2,Stxbp6,0.5065266691641689
Gabrg3,AC_2,Gabrg3,1.222176711019676
Luzp2,AC_2,Luzp2,0.492358239460906
Tafa1,AC_2,Tafa1,0.5147162016500052
Cntn6,AC_2,Cntn6,0.4853237027796289
Maf,AC_2,Maf,1.7896166778240317
Pcdh7,AC_2,Pcdh7,1.5087034797788634
Id4,AC_2,Id4,0.494054534806382
Gabra2,AC_20,Gabra2,0.2782494894240606
Asic2,AC_20,Asic2,0.2212309322695165
Cdh20,AC_20,Cdh20,0.2533467348319642
Ralyl,AC_20,Ralyl,0.3026609851699389
Gabrg3,AC_20,Gabrg3,0.4559716968383593
Il1rapl2,AC_20,Il1rapl2,0.2891143293614777
Frmd5,AC_20,Frmd5,0.2595548656444556
Pcdh9,AC_20,Pcdh9,0.4963310316623142
Dpf3,AC_20,Dpf3,0.3166141575736691
Sema3a,AC_20,Sema3a,0.3960789685283707
Ncam2,AC_20,Ncam2,0.3090086509699774
Pcdh7,AC_20,Pcdh7,0.2944706352097804
Shisa8,AC_20,Shisa8,0.295690295457283
Grm8,AC_20,Grm8,0.3657530158576045
Gad1,AC_20,Gad1,0.460580017076699
Zmat4,AC_20,Zmat4,0.4027275707957179
Tafa1,AC_20,Tafa1,0.2856656113372092
Tkt,AC_20,Tkt,0.2868707342176583
Pou6f2,AC_20,Pou6f2,0.2165562033709062
Vgf,AC_20,Vgf,0.3065535051294418
Tfap2b,AC_21,Tfap2b,0.2321083618176359
C1ql1,AC_21,C1ql1,0.314816231968662
C1ql3,AC_21,C1ql3,0.3888231618994519
Dgkb,AC_21,Dgkb,0.2425410600410721
Kcnq5,AC_21,Kcnq5,0.2619901458274998
Pcdh9,AC_21,Pcdh9,0.3862328390503841
Tac1,AC_21,Tac1,0.5101725532093769
AI593442,AC_21,AI593442,0.3465074401783392
Robo1,AC_21,Robo1,0.5091143222888259
Cpne5,AC_21,Cpne5,0.3472567844528131
Fgf13,AC_21,Fgf13,0.2138227401302238
Cntn5,AC_21,Cntn5,0.3876396549555825
Lmo4,AC_21,Lmo4,0.3153516055003635
Stmn2,AC_21,Stmn2,0.3818954379094967
Scg2,AC_21,Scg2,0.2739657977020749
Ncam2,AC_21,Ncam2,0.3059787842613222
Fxyd6,AC_21,Fxyd6,0.2144297905732322
Lrrc4c,AC_21,Lrrc4c,0.2602114605715224
Gpc5,AC_21,Gpc5,0.26776047776068
Cbln2,AC_22,Cbln2,0.2779484738485118
Sorcs1,AC_22,Sorcs1,0.1985241218258802
Meis2,AC_22,Meis2,0.249128702127971
Schip1,AC_22,Schip1,0.2463677512788703
Ralyl,AC_22,Ralyl,0.264561823008576
C1ql1,AC_22,C1ql1,0.3540792935156086
C1ql2,AC_22,C1ql2,0.1732745312640263
Opcml,AC_22,Opcml,0.3082488479851752
Rnf220,AC_22,Rnf220,0.2537758485133553
Kirrel3,AC_22,Kirrel3,0.2561799674957571
Tenm1,AC_22,Tenm1,0.211866711155828
Vip,AC_22,Vip,0.9063021778534232
Gabrb1,AC_22,Gabrb1,0.2233072687368671
Egfem1,AC_22,Egfem1,0.2413015338403989
Erbb4,AC_22,Erbb4,0.3236293521448076
Cbln4,AC_22,Cbln4,0.518505204712665
Csmd1,AC_22,Csmd1,0.2868419681771483
Mgat4c,AC_23,Mgat4c,0.2320362131598377
Slc8a1,AC_23,Slc8a1,0.2265299805729693
Sorcs3,AC_23,Sorcs3,0.2052607257472626
Kcnip1,AC_23,Kcnip1,0.2488195747751599
Tenm1,AC_23,Tenm1,0.3035641036281736
Scg2,AC_23,Scg2,0.4261536248585893
P3h2,AC_23,P3h2,0.3019980761294893
Nrg1_ENSMUSG00000062991,AC_23,Nrg1_ENSMUSG00000062991,0.4129799513603209
Pcdh9,AC_23,Pcdh9,0.2596033837230119
Opcml,AC_23,Opcml,0.4824484610839586
Lamp5,AC_23,Lamp5,0.3731926005379172
Tfap2b,AC_23,Tfap2b,0.2168038778252587
Pcdh17,AC_23,Pcdh17,0.33593847324402
Gad1,AC_23,Gad1,0.2233586940858996
Aldoc,AC_23,Aldoc,0.2930728976916799
Sorcs1,AC_23,Sorcs1,0.230796191877868
Robo1,AC_23,Robo1,0.3542800213107267
Ptprm,AC_23,Ptprm,0.3333730810987994
Prkca,AC_23,Prkca,0.3317279665424243
AI593442,AC_23,AI593442,0.2636128217460081
Egfem1,AC_24,Egfem1,0.1940172395801592
Pcdh9,AC_24,Pcdh9,0.2162453179790839
Ebf3,AC_24,Ebf3,0.1741988510576862
C130073E24Rik,AC_24,C130073E24Rik,0.2182395120515151
Ebf1,AC_24,Ebf1,0.2031690482187111
Kctd16,AC_24,Kctd16,0.1772955972113853
Cntnap5b,AC_24,Cntnap5b,0.3087701037110292
Sorcs3,AC_24,Sorcs3,0.2246629486527425
Kcnb2,AC_24,Kcnb2,0.1884908224224004
Zfp804a,AC_24,Zfp804a,0.1813515181629748
Ppp1r17,AC_24,Ppp1r17,0.623185971624453
Prkg1,AC_24,Prkg1,0.2539024790231934
Gpc6,AC_24,Gpc6,0.2039298345014472
Lgr5,AC_24,Lgr5,0.2029702237648584
Lrfn5,AC_24,Lrfn5,0.2945286419187307
Lrp1b,AC_24,Lrp1b,0.2138703329317822
Pcdh10,AC_25,Pcdh10,0.2220308508396579
Shisa8,AC_25,Shisa8,0.1783923072777279
Opcml,AC_25,Opcml,0.29066726939324
Hs6st3,AC_25,Hs6st3,0.268089508502404
C1ql1,AC_25,C1ql1,0.2723007774271795
Adamtsl1,AC_25,Adamtsl1,0.4164029984248264
AI593442,AC_25,AI593442,0.1909400470175108
Stxbp6,AC_25,Stxbp6,0.1560962665196967
Tpbg,AC_25,Tpbg,0.2313324593802359
Il1rapl2,AC_25,Il1rapl2,0.264522066542416
Nwd2,AC_25,Nwd2,0.1604427235409272
Dlgap2,AC_25,Dlgap2,0.2377026544238386
Chgb,AC_25,Chgb,0.1615771714478506
Ptprk,AC_25,Ptprk,0.1557471585380276
Galntl6,AC_25,Galntl6,0.5426437478745442
Calb1,AC_25,Calb1,0.210208264264176
Gpc6,AC_25,Gpc6,0.1592751753125403
Pou6f2,AC_25,Pou6f2,0.2006945842926991
Nnat,AC_26,Nnat,0.1870014015474784
Alcam,AC_26,Alcam,0.1963955462948118
Cacng3,AC_26,Cacng3,0.2285136916159234
Plcb1,AC_26,Plcb1,0.2359626758449531
Kcnip1,AC_26,Kcnip1,0.242153657886191
Vip,AC_26,Vip,0.357247510820823
Gad1,AC_26,Gad1,0.1863689119432909
Nfia,AC_26,Nfia,0.3142013584485784
Mgat4c,AC_26,Mgat4c,0.454255205869086
Scg2,AC_26,Scg2,0.5758161117650322
Ralyl,AC_26,Ralyl,0.3074043382656729
Ntrk3,AC_26,Ntrk3,0.2044554398607345
Pcdh11x,AC_26,Pcdh11x,0.3027747024021905
Galnt17,AC_26,Galnt17,0.1915095719307801
Nr4a2,AC_26,Nr4a2,0.2288280456040501
Nrg1_ENSMUSG00000062991,AC_26,Nrg1_ENSMUSG00000062991,0.5500942245219436
Il1rapl2,AC_26,Il1rapl2,0.2030988348190653
Csmd1,AC_26,Csmd1,0.5528452193883923
Lrrtm4,AC_27,Lrrtm4,0.2638638904151664
Pde4b,AC_27,Pde4b,0.2155385630028662
Kirrel3,AC_27,Kirrel3,0.279259400484882
Cntnap2,AC_27,Cntnap2,0.2392636241012873
Cdh8,AC_27,Cdh8,0.2309735679567234
Dmd,AC_27,Dmd,0.203695622099771
Inpp4b,AC_27,Inpp4b,0.2443457833528509
Galntl6,AC_27,Galntl6,0.7335291646933723
Sorcs3,AC_27,Sorcs3,0.2058669939197304
Nrg1_ENSMUSG00000062991,AC_27,Nrg1_ENSMUSG00000062991,0.2318064524160078
Fxyd6,AC_27,Fxyd6,0.2570505444098066
Unc13c,AC_27,Unc13c,0.2908992631587
Synpr,AC_27,Synpr,0.2686295830400142
Filip1l,AC_27,Filip1l,0.2515000840562407
Pcp4,AC_27,Pcp4,0.3968005608354061
Unc5d,AC_27,Unc5d,0.3655106551329538
Fgf13,AC_27,Fgf13,0.2171298071951414
Hs3st4,AC_27,Hs3st4,0.2154793724515506
Pex5l,AC_27,Pex5l,0.2034055087060744
Megf11,AC_28,Megf11,0.1940098562364009
Csmd3,AC_28,Csmd3,0.1832294368138297
Ntng1,AC_28,Ntng1,0.2100927340423648
Opcml,AC_28,Opcml,0.3141938644091286
Erbb4,AC_28,Erbb4,0.2275491537995028
Sgcd,AC_28,Sgcd,0.4404435420994266
Pcdh17,AC_28,Pcdh17,0.4611162635335096
Fgf14,AC_28,Fgf14,0.5136223894608535
Nfib,AC_28,Nfib,0.345859412562551
Hs6st3,AC_28,Hs6st3,0.3857851578573666
Brinp3,AC_28,Brinp3,0.5287578005461214
Pitpnc1,AC_28,Pitpnc1,0.1798124697495902
Lrrtm3,AC_28,Lrrtm3,0.2086428697952884
Dab1,AC_28,Dab1,0.3210510315018536
Kalrn,AC_29,Kalrn,0.1456306167893312
Dab1,AC_29,Dab1,0.1589588084867827
Meis2,AC_29,Meis2,0.1853604487040823
Galntl6,AC_29,Galntl6,0.2820474536670314
Nell1,AC_29,Nell1,0.3095442137290728
Glra1,AC_29,Glra1,0.2581872889829611
Dlgap2,AC_29,Dlgap2,0.1526613186852296
Cntnap5a,AC_29,Cntnap5a,0.175798403961721
Pcdh9,AC_29,Pcdh9,0.2621943208043746
Lrp1b,AC_29,Lrp1b,0.2314164399171187
Csmd1,AC_29,Csmd1,0.3300376571838864
Tfap2b,AC_29,Tfap2b,0.169163014942458
Esrrg,AC_29,Esrrg,0.2078720105960434
Id4,AC_29,Id4,0.209956155759273
Shisa8,AC_29,Shisa8,0.2666600177156222
Igfbp2,AC_29,Igfbp2,0.1740936847361951
Tmem108,AC_29,Tmem108,0.154864764834377
Vstm2b,AC_29,Vstm2b,0.2284549692751404
Ptprt,AC_29,Ptprt,0.1490761050068521
Opcml,AC_29,Opcml,0.1842848930457246
Nfia,AC_3,Nfia,0.1641720144822239
Gabrg3,AC_3,Gabrg3,0.2143402568235821
Pde8b,AC_3,Pde8b,0.2432938700120219
Calb1,AC_3,Calb1,0.1897530298508527
Nrg1_ENSMUSG00000062991,AC_3,Nrg1_ENSMUSG00000062991,0.5689739601977555
Nebl,AC_3,Nebl,0.1910639994670257
Cntnap2,AC_3,Cntnap2,0.1689832276760964
Sdk1,AC_3,Sdk1,0.1771773802013552
Pak5,AC_3,Pak5,0.2729014888794233
Tfap2b,AC_3,Tfap2b,0.1751613946549138
Galnt18,AC_3,Galnt18,0.2114339931453096
Csmd3,AC_3,Csmd3,0.2988122912340857
Dlgap1,AC_3,Dlgap1,0.1812190582399181
Dab1,AC_3,Dab1,0.3706287191430247
Lamp5,AC_3,Lamp5,0.1690712404480552
Rbfox1,AC_3,Rbfox1,0.3222973852971941
Car2,AC_3,Car2,0.3087242448616932
Grid2,AC_30,Grid2,0.3336919558549487
Kctd16,AC_30,Kctd16,0.183503787731196
Lgr5,AC_30,Lgr5,0.2483826060256544
Cdh8,AC_30,Cdh8,0.1973488730327578
Egfem1,AC_30,Egfem1,0.3202767420005994
Lrp1b,AC_30,Lrp1b,0.2019181788736564
Igfbp5,AC_30,Igfbp5,0.2136116326904731
Kcnd3,AC_30,Kcnd3,0.2591302614783607
Dgkb,AC_30,Dgkb,0.1731929085013714
Lrfn5,AC_30,Lrfn5,0.3762427331552414
Ptprt,AC_30,Ptprt,0.1833919903163412
Zmat4,AC_30,Zmat4,0.1700350152578419
Ppp1r17,AC_30,Ppp1r17,0.358332283586243
Cntn5,AC_30,Cntn5,0.5057590244715037
Tshz2,AC_30,Tshz2,0.181936881085081
Kcnmb2,AC_30,Kcnmb2,0.2880572555593848
Tshz2,AC_31,Tshz2,0.1989580302723102
Cacng3,AC_31,Cacng3,0.2571476751742549
Filip1l,AC_31,Filip1l,0.2541621706399589
Cdh20,AC_31,Cdh20,0.3784380646238834
Csmd1,AC_31,Csmd1,0.4374123131207241
Il1rapl2,AC_31,Il1rapl2,0.3001566161111036
Stxbp6,AC_31,Stxbp6,0.2800017079535925
Tpbg,AC_31,Tpbg,0.5734490112968011
Tafa2,AC_31,Tafa2,0.2311629019574851
Gpc6,AC_31,Gpc6,0.1745039100793485
Tac1,AC_31,Tac1,0.7501136337777794
Chrm3,AC_31,Chrm3,0.2341884121261372
Tenm1,AC_31,Tenm1,0.1900139604202364
Zmat4,AC_31,Zmat4,0.2403054872775153
Hs6st3,AC_31,Hs6st3,0.3087563514873438
Gad1,AC_31,Gad1,0.1782133640592315
Chgb,AC_31,Chgb,0.2161390059622916
Cxcl14,AC_31,Cxcl14,0.4317335407745001
Robo1,AC_31,Robo1,0.1880915355897694
Tac1,AC_32,Tac1,0.5753138950038518
Maf,AC_32,Maf,0.6878144437302464
Sorcs3,AC_32,Sorcs3,0.4073408208960772
Astn2,AC_32,Astn2,0.2952723534701205
Zeb2,AC_32,Zeb2,0.3043946289052402
Cntnap5a,AC_32,Cntnap5a,0.4867265348295896
Slc24a3,AC_32,Slc24a3,0.3110185491542371
Kcna6,AC_32,Kcna6,0.3989816501692588
Pcdh9,AC_32,Pcdh9,0.3419071045740829
Lingo2,AC_32,Lingo2,0.4706497112953185
Ncam2,AC_32,Ncam2,0.3141632739655935
Kcnip1,AC_32,Kcnip1,0.3476498360034934
AI593442,AC_32,AI593442,0.3480496101578339
Adarb2,AC_32,Adarb2,0.6626039289018578
Pcdh7,AC_32,Pcdh7,0.5674749994152971
Tfap2b,AC_32,Tfap2b,0.3992238708667925
Spock1,AC_33,Spock1,0.2739252774607754
Lamp5,AC_33,Lamp5,0.3456415885059086
Gabrg3,AC_33,Gabrg3,0.2483099867871178
Rbfox1,AC_33,Rbfox1,0.3632618403401588
Frmpd4,AC_33,Frmpd4,0.1748714635557476
Pde1a,AC_33,Pde1a,0.1841057291543345
Kirrel3,AC_33,Kirrel3,0.1763032684790704
Kctd8,AC_33,Kctd8,0.1943387325402323
Tfap2b,AC_33,Tfap2b,0.248161284485992
Asic2,AC_33,Asic2,0.2543965075064902
Csmd1,AC_33,Csmd1,0.2240547496287636
Tafa1,AC_33,Tafa1,0.4554735173318691
Sorcs3,AC_33,Sorcs3,0.1947653140016199
Grid2,AC_33,Grid2,0.2053805875136657
Alk,AC_33,Alk,0.2519140033351432
Spon1,AC_33,Spon1,0.1953778652408703
Efna5,AC_33,Efna5,0.2512007504383961
Mast4,AC_33,Mast4,0.2390459709527348
Grin2a,AC_34,Grin2a,0.1364918482878017
Sox5,AC_34,Sox5,0.1682715655402057
Ralyl,AC_34,Ralyl,0.218270296658857
Cdkn1c,AC_34,Cdkn1c,0.2924745538574128
Kirrel3,AC_34,Kirrel3,0.1982471348360827
Cdh20,AC_34,Cdh20,0.2628977549710586
C1ql2,AC_34,C1ql2,0.1424768985249444
Stxbp6,AC_34,Stxbp6,0.1530618930823208
Nav3,AC_34,Nav3,0.1684445297371447
Cbln2,AC_34,Cbln2,0.3218669007706279
Pcdh15,AC_34,Pcdh15,0.1567366044729466
Rbfox1,AC_34,Rbfox1,0.3417058978219984
Cntn4,AC_34,Cntn4,0.1411167744268588
Pcdh7,AC_34,Pcdh7,0.4634700208894009
Pcp4,AC_34,Pcp4,0.1803271583546874
Phactr1,AC_34,Phactr1,0.1647396575305847
C1ql1,AC_34,C1ql1,0.2595255326391741
Csmd1,AC_34,Csmd1,0.2401282908463798
Serpine2,AC_34,Serpine2,0.2459356077170586
Grm7,AC_35,Grm7,0.1602780756016529
Cdh6,AC_35,Cdh6,0.1345149544433236
Ralyl,AC_35,Ralyl,0.3647911881368245
Kctd8,AC_35,Kctd8,0.1300438068599033
Hpgd,AC_35,Hpgd,0.1663000022654636
Kirrel3,AC_35,Kirrel3,0.1934533831777845
Brinp3,AC_35,Brinp3,0.1874680467798347
Opcml,AC_35,Opcml,0.3363306929925333
Penk,AC_35,Penk,0.207497133185239
Nell1,AC_35,Nell1,0.1275472753849834
Sgcz,AC_35,Sgcz,0.6325058023079122
Car3,AC_35,Car3,0.3968790820673529
Ppp1r17,AC_35,Ppp1r17,0.2984600403380276
Glra3,AC_35,Glra3,0.1990763263676982
Trhde,AC_35,Trhde,0.2688386800062998
Pcdh17,AC_35,Pcdh17,0.1427000485440213
Adamtsl1,AC_35,Adamtsl1,0.294539724618289
A930001A20Rik,AC_35,A930001A20Rik,0.3679620331115912
Galntl6,AC_36,Galntl6,0.2350187415619245
Dmd,AC_36,Dmd,0.2079495060942844
Tac1,AC_36,Tac1,0.331486470163846
Lrrtm4,AC_36,Lrrtm4,0.2626251856057611
Tafa1,AC_36,Tafa1,0.3766412261063561
Col25a1,AC_36,Col25a1,0.4646680123168602
Brinp3,AC_36,Brinp3,0.245898276009514
Erbb4,AC_36,Erbb4,0.2221792542895888
Igfbp7,AC_36,Igfbp7,0.2663528333589229
Nkain3,AC_36,Nkain3,0.2645161421867242
Atrnl1,AC_36,Atrnl1,0.2173755394375219
Pcdh7,AC_36,Pcdh7,0.1950662086562684
Spock3,AC_36,Spock3,0.2517095564146479
Mgat4c,AC_36,Mgat4c,0.2982666510895828
Reln,AC_37,Reln,0.3937908929853723
Dab1,AC_37,Dab1,0.1863694063678525
Mgat4c,AC_37,Mgat4c,0.2089115463888655
Gria3,AC_37,Gria3,0.1793430940071964
Lmo4,AC_37,Lmo4,0.1734728559430616
Gabrb1,AC_37,Gabrb1,0.3768822071556781
Sema6a,AC_37,Sema6a,0.3147906277772636
Robo1,AC_37,Robo1,0.3429595086495628
Kirrel3,AC_37,Kirrel3,0.2349753972281892
Chrm3,AC_37,Chrm3,0.1794516598163448
Adcy8,AC_37,Adcy8,0.2441711270521532
Plcb1,AC_37,Plcb1,0.2331413925459251
Hs6st3,AC_37,Hs6st3,0.4868191833040021
Mast4,AC_37,Mast4,0.1793187739708552
Tshz2,AC_37,Tshz2,0.2265407982097113
Kcnip1,AC_37,Kcnip1,0.2528236929332
Efna5,AC_37,Efna5,0.2278589483226812
Nr4a2,AC_37,Nr4a2,0.2291237706473825
Nnat,AC_37,Nnat,0.5354468465977879
Mgat4c,AC_38,Mgat4c,0.3843628083748228
Ncam2,AC_38,Ncam2,0.1742663869033149
Plcb1,AC_38,Plcb1,0.1716205195630145
Kcnd2,AC_38,Kcnd2,0.3685739633682429
Erbb4,AC_38,Erbb4,0.5836840157745483
Pcdh7,AC_38,Pcdh7,0.2147146081629747
Kcnip1,AC_38,Kcnip1,0.3121155844010066
Id4,AC_38,Id4,0.2435162241600757
Meis2,AC_38,Meis2,0.162451332493121
Ptprt,AC_38,Ptprt,0.2047644709938654
Pcdh17,AC_38,Pcdh17,0.3763796531039958
Sorcs1,AC_38,Sorcs1,0.3290874934962043
Pcp4,AC_38,Pcp4,0.473053580449791
Frmd5,AC_38,Frmd5,0.2309344297832789
Chrm2,AC_38,Chrm2,0.2315940582124306
Car8,AC_38,Car8,0.1858747061757615
Rgs5,AC_38,Rgs5,0.2673989673382239
Gfra1,AC_38,Gfra1,0.1935775273188691
Lrrtm3,AC_38,Lrrtm3,0.2483184292025033
Epha3,AC_39,Epha3,0.219266521885442
Zfp804a,AC_39,Zfp804a,0.2356857934357362
Pcdh7,AC_39,Pcdh7,0.184254779789944
Stmn2,AC_39,Stmn2,0.3033334773494529
Stxbp6,AC_39,Stxbp6,0.2311159591731098
Shisa8,AC_39,Shisa8,0.1824523340869573
Sdk1,AC_39,Sdk1,0.2785763905601172
C1ql1,AC_39,C1ql1,0.1983074458929357
Slc32a1,AC_39,Slc32a1,0.2253150913558892
Nrg1_ENSMUSG00000062991,AC_39,Nrg1_ENSMUSG00000062991,0.4058825589586977
Lrrtm4,AC_39,Lrrtm4,0.3559031710812468
Coch,AC_39,Coch,0.2517091486500643
Nkain3,AC_39,Nkain3,0.420931092974518
Esrrg,AC_39,Esrrg,0.2006745688119236
Pcdh9,AC_39,Pcdh9,0.3003489925470987
Galntl6,AC_39,Galntl6,0.1967546917583792
Spock1,AC_39,Spock1,0.2758186391103539
Cdh20,AC_39,Cdh20,0.2524233846749807
Kirrel3,AC_4,Kirrel3,0.230841343381405
Gabrg3,AC_4,Gabrg3,0.2642414584133492
Kcnb2,AC_4,Kcnb2,0.2710679089967396
Ebf3,AC_4,Ebf3,0.2303426771440377
Slc6a9,AC_4,Slc6a9,0.3868186978452457
Kcnh7,AC_4,Kcnh7,0.2885232292168956
Ptprt,AC_4,Ptprt,0.2999751990793958
Lamp5,AC_4,Lamp5,0.2590435176959337
Hs6st3,AC_4,Hs6st3,0.4691289589133631
Filip1l,AC_4,Filip1l,0.2423905622849635
Sorcs1,AC_40,Sorcs1,0.2144607079082462
Galntl6,AC_40,Galntl6,0.246008671808443
Kirrel3,AC_40,Kirrel3,0.1959334569489513
Efna5,AC_40,Efna5,0.1709137441136494
Ptprk,AC_40,Ptprk,0.1777072036834819
Tac1,AC_40,Tac1,0.5296778019757993
Cngb3,AC_40,Cngb3,0.2310413023135887
Hs6st3,AC_40,Hs6st3,0.229476103135553
Tenm1,AC_40,Tenm1,0.1766857943932566
Kctd8,AC_40,Kctd8,0.2072678164064495
Grm1,AC_40,Grm1,0.1999831883115297
Grm5,AC_40,Grm5,0.1616556013111509
Csmd1,AC_40,Csmd1,0.2312921102664455
Lrrc4c,AC_40,Lrrc4c,0.4906377018569327
Ncam2,AC_40,Ncam2,0.308370702225275
Nfia,AC_40,Nfia,0.1977052596497641
Cbln2,AC_40,Cbln2,0.278389306040071
Tmem132d,AC_40,Tmem132d,0.1607051267360597
Car8,AC_41,Car8,0.3457698972857475
Pcdh17,AC_41,Pcdh17,0.2353847012477967
Adarb2,AC_41,Adarb2,0.2782163617705836
C1ql2,AC_41,C1ql2,0.3232478901852225
Cdh6,AC_41,Cdh6,0.2303992482685092
Grm7,AC_41,Grm7,0.210025364315175
Kcnd2,AC_41,Kcnd2,0.2192234395401549
Nrg1_ENSMUSG00000062991,AC_41,Nrg1_ENSMUSG00000062991,0.3544736870635022
Tfap2b,AC_41,Tfap2b,0.227763241483119
Lingo2,AC_41,Lingo2,0.2242863189937779
Grid2,AC_41,Grid2,0.3652985995772035
Meis2,AC_41,Meis2,0.2214084312790884
Tafa2,AC_41,Tafa2,0.3030699501098341
Mgat4c,AC_41,Mgat4c,0.2819424829523994
Sgcd,AC_41,Sgcd,0.3628478586413345
Ntng1,AC_41,Ntng1,0.4379623637276717
Rgs2,AC_42,Rgs2,0.2247898252849691
Gad1,AC_42,Gad1,0.386064993072148
Etv1,AC_42,Etv1,0.3938255962748846
Lingo2,AC_42,Lingo2,0.203781578227595
Nr4a2,AC_42,Nr4a2,0.2176468102431261
Gabra2,AC_42,Gabra2,0.3500409064778166
Spock1,AC_42,Spock1,0.2644006775239036
Gabrg3,AC_42,Gabrg3,0.2329658420084887
Cntn5,AC_42,Cntn5,0.2470611285833517
Sox5,AC_42,Sox5,0.2881342901706071
Rgs6,AC_42,Rgs6,0.2735891297042423
Ptprm,AC_42,Ptprm,0.3240711775490539
Rbms3,AC_42,Rbms3,0.2579511276542903
Cpm,AC_42,Cpm,0.3615145407677426
Rnf220,AC_42,Rnf220,0.4192788868423404
Tmem132d,AC_42,Tmem132d,0.2163159576919191
Pcdh7,AC_42,Pcdh7,0.2764974082772872
Nrg1_ENSMUSG00000062991,AC_42,Nrg1_ENSMUSG00000062991,0.2473213666541532
Nnat,AC_42,Nnat,0.1885552626133589
Tafa1,AC_42,Tafa1,0.228770340104848
Sema6a,AC_43,Sema6a,0.2448200048157331
Ralyl,AC_43,Ralyl,0.4578843359708121
Gabrb1,AC_43,Gabrb1,0.475976575201073
Chgb,AC_43,Chgb,0.3271045220533056
Ptprk,AC_43,Ptprk,0.1948257218748194
Rnf220,AC_43,Rnf220,0.3224737761443011
Robo1,AC_43,Robo1,0.2524258644347079
Dpp10,AC_43,Dpp10,0.2691107797082835
Dach1,AC_43,Dach1,0.1779045172308387
Unc5c,AC_43,Unc5c,0.2050880910716539
Prkg1,AC_43,Prkg1,0.1905037405946001
Sgcd,AC_43,Sgcd,0.2484938684897742
Cntnap2,AC_43,Cntnap2,0.2041677513488971
Nrg1_ENSMUSG00000062991,AC_43,Nrg1_ENSMUSG00000062991,0.164484911069679
Cbln4,AC_43,Cbln4,0.3221017006726358
C1ql1,AC_43,C1ql1,0.1774235823067785
Nr4a2,AC_43,Nr4a2,0.2604014392828229
Man1a,AC_43,Man1a,0.1672317639714435
Lrrtm4,AC_43,Lrrtm4,0.3576174954321423
Lrrc4c,AC_44,Lrrc4c,0.2203364523584429
Kirrel3,AC_44,Kirrel3,0.1731588250376045
Cntnap5b,AC_44,Cntnap5b,0.1804182737442408
Tac2,AC_44,Tac2,0.4362343728091585
Tac1,AC_44,Tac1,0.3121496661613889
Schip1,AC_44,Schip1,0.1676588005358451
Fstl5,AC_44,Fstl5,0.1545760049422172
Nrg1_ENSMUSG00000062991,AC_44,Nrg1_ENSMUSG00000062991,0.2603487473223289
Grid2,AC_44,Grid2,0.2059588630977222
Cxcl14,AC_44,Cxcl14,0.5106921409437737
Fxyd6,AC_44,Fxyd6,0.1919726911154827
Robo1,AC_44,Robo1,0.1796018188429936
Sorcs1,AC_44,Sorcs1,0.2565483452183267
Ptprt,AC_44,Ptprt,0.1666583526032929
Pcdh11x,AC_44,Pcdh11x,0.1585115981468383
Dpp10,AC_44,Dpp10,0.2063269301992104
Mgat4c,AC_44,Mgat4c,0.3384737577664441
Spock1,AC_45,Spock1,0.4378495152306301
Hs6st3,AC_45,Hs6st3,0.2665020468139602
Fat3,AC_45,Fat3,0.2521894852259657
Nell1,AC_45,Nell1,0.2577845208979113
Mgat4c,AC_45,Mgat4c,0.4740124344212215
Vsnl1,AC_45,Vsnl1,0.2640747407158238
Dpp10,AC_45,Dpp10,0.313481680724708
Nr4a2,AC_45,Nr4a2,0.3226984601532668
Kirrel3,AC_45,Kirrel3,0.4591833116487913
Pcdh15,AC_45,Pcdh15,0.3600518716432753
Nlgn1,AC_45,Nlgn1,0.2351027073423496
Nnat,AC_45,Nnat,0.4091427515244762
Kcnip1,AC_45,Kcnip1,0.2749528205012544
Csmd1,AC_45,Csmd1,0.3246430718448935
Erbb4,AC_45,Erbb4,0.2108194895388149
Ralyl,AC_45,Ralyl,0.2607613656881264
Stmn2,AC_45,Stmn2,0.3315842888758928
Dmd,AC_45,Dmd,0.277179525948825
Nav3,AC_45,Nav3,0.4427092254044039
Zfp804a,AC_46,Zfp804a,0.213954368692611
Pcdh9,AC_46,Pcdh9,0.1846171901677772
Mgat4c,AC_46,Mgat4c,0.246693017061767
Cntn5,AC_46,Cntn5,0.4075605618933662
Tfap2b,AC_46,Tfap2b,0.1723661457255041
Kcnh7,AC_46,Kcnh7,0.2052876579800354
Unc5c,AC_46,Unc5c,0.1663109600497105
Rbfox1,AC_46,Rbfox1,0.3229242494691055
Luzp2,AC_46,Luzp2,0.1721383229514838
Pcdh17,AC_46,Pcdh17,0.2164888356053881
C1ql1,AC_46,C1ql1,0.4361653646957149
Sdk1,AC_46,Sdk1,0.2187362098206805
Nefm,AC_46,Nefm,0.2594293698304744
Spock1,AC_46,Spock1,0.1705454356898962
Filip1l,AC_46,Filip1l,0.3427931805881323
C1ql2,AC_46,C1ql2,0.2263178040864404
Slit2,AC_47,Slit2,0.3081482491015621
Tac2,AC_47,Tac2,0.4144914039357855
Meis2,AC_47,Meis2,0.1715426537268229
Lrrtm4,AC_47,Lrrtm4,0.4693934059666542
Lrrc4c,AC_47,Lrrc4c,0.2624208632980613
Pcp4,AC_47,Pcp4,0.1819675124397815
Tfap2b,AC_47,Tfap2b,0.2467791488669968
Cngb3,AC_47,Cngb3,0.2843192475580791
Sorcs1,AC_47,Sorcs1,0.1760152942467139
Grm7,AC_47,Grm7,0.2123446440791663
Cbln2,AC_47,Cbln2,0.356403202413591
Zmat4,AC_47,Zmat4,0.1881041996465376
Lingo2,AC_47,Lingo2,0.2073609524955758
Csmd3,AC_47,Csmd3,0.1682467917572658
Vip,AC_47,Vip,0.1707094014910518
Tac2,AC_48,Tac2,0.8229452424450693
Cplx2,AC_48,Cplx2,0.1921276778394616
Fgf14,AC_48,Fgf14,0.1196282829092227
Stmn2,AC_48,Stmn2,0.2824259005766754
C1ql2,AC_48,C1ql2,0.2000585505336297
Sdk1,AC_48,Sdk1,0.1909709278022416
C1ql1,AC_48,C1ql1,0.3659530929296564
Sorcs1,AC_48,Sorcs1,0.2703089088379201
Lrrc4c,AC_48,Lrrc4c,0.2760540713675921
Etl4,AC_48,Etl4,0.1491360302961251
Nav3,AC_48,Nav3,0.1270009179006913
Kcnq5,AC_48,Kcnq5,0.2489802520331356
Grid2,AC_48,Grid2,0.2543012704071117
Cpne5,AC_48,Cpne5,0.1212196191920374
Cxcl14,AC_48,Cxcl14,0.2583124070477315
Grm8,AC_48,Grm8,0.144460556946237
Nrg1_ENSMUSG00000062991,AC_48,Nrg1_ENSMUSG00000062991,0.2158898331079559
Lrp1b,AC_48,Lrp1b,0.3370986458444661
Vgf,AC_49,Vgf,0.2267991737191511
Slc6a1,AC_49,Slc6a1,0.1997203729299898
Slc8a1,AC_49,Slc8a1,0.1881645042952544
Dscam,AC_49,Dscam,0.1916385344594614
Mgat4c,AC_49,Mgat4c,0.267721093220477
Phlda1,AC_49,Phlda1,0.2437998319516706
Tfap2b,AC_49,Tfap2b,0.216456709668759
Nav2,AC_49,Nav2,0.2028317795957709
Ptprk,AC_49,Ptprk,0.1868601977619171
Kcnc2,AC_49,Kcnc2,0.2129196108141861
Tkt,AC_49,Tkt,0.1912278017149511
Dlgap2,AC_49,Dlgap2,0.2283029184108509
Cdh20,AC_49,Cdh20,0.2425489833403641
Frmd5,AC_49,Frmd5,0.1881439283207688
Lingo2,AC_49,Lingo2,0.260420024203138
Pcdh17,AC_49,Pcdh17,0.1828394095009621
Esrrg,AC_49,Esrrg,0.2791589789611628
Gad1,AC_49,Gad1,0.2490955318360981
Shisa8,AC_49,Shisa8,0.3688203666072583
Ptprm,AC_5,Ptprm,0.2657940543793285
Galnt18,AC_5,Galnt18,0.2680780679186045
Pcdh9,AC_5,Pcdh9,0.2839577306630368
Pantr1,AC_5,Pantr1,0.4742593096524543
Chrm3,AC_5,Chrm3,0.2327017028773244
Kcnip1,AC_5,Kcnip1,0.2681664166538346
Pcp4,AC_5,Pcp4,0.4157423832102918
C1ql2,AC_5,C1ql2,0.4761464066404599
Gad1,AC_5,Gad1,0.3508274686288269
Tfap2b,AC_5,Tfap2b,0.2607243588577314
Tenm3,AC_5,Tenm3,0.2330266308125249
Kcnd3,AC_5,Kcnd3,0.2926591206156793
Khdrbs2,AC_5,Khdrbs2,0.2353270438479084
Hpgd,AC_5,Hpgd,0.3742747756431653
Dkk3,AC_5,Dkk3,0.4930801771505848
Glra3,AC_5,Glra3,0.2422850516686341
Nckap5,AC_5,Nckap5,0.3333586336643
Tafa1,AC_5,Tafa1,0.277558787816412
Lingo2,AC_5,Lingo2,0.434907202714597
Ldb2,AC_50,Ldb2,0.3342553275730318
Nav2,AC_50,Nav2,0.2861659997389524
Fxyd6,AC_50,Fxyd6,0.2023418918903123
Cntn5,AC_50,Cntn5,0.1861234585119596
Erbb4,AC_50,Erbb4,0.4227403551462026
Lrrc4c,AC_50,Lrrc4c,0.1986444125245864
Ptprk,AC_50,Ptprk,0.2316765329900017
Unc5c,AC_50,Unc5c,0.2169737710630881
Lingo2,AC_50,Lingo2,0.2856105919547654
Galntl6,AC_50,Galntl6,0.3431755517139962
C1ql3,AC_50,C1ql3,0.4918751112226653
C1ql1,AC_50,C1ql1,0.2217459704534154
C1ql2,AC_50,C1ql2,0.160013784273476
Adarb2,AC_50,Adarb2,0.4621214227787323
Brinp3,AC_50,Brinp3,0.1932131133002172
Cntnap5a,AC_50,Cntnap5a,0.2425323172258105
Plcb1,AC_50,Plcb1,0.1915930671388383
Dgkb,AC_50,Dgkb,0.1552042301356269
Nr4a2,AC_51,Nr4a2,0.1771347240946908
Vgf,AC_51,Vgf,0.1359345689332809
Epha3,AC_51,Epha3,0.1417690055193985
Gabra2,AC_51,Gabra2,0.2387433489942925
Mast4,AC_51,Mast4,0.1785659339523758
Epha6,AC_51,Epha6,0.1283827525853758
Kalrn,AC_51,Kalrn,0.2081392792573968
Dpp10,AC_51,Dpp10,0.1806625529179859
Cntn5,AC_51,Cntn5,0.1428495245304363
Rnf220,AC_51,Rnf220,0.2384349785130756
Adamtsl1,AC_51,Adamtsl1,0.292158189587636
Hcn1,AC_51,Hcn1,0.3011661083124712
Sema6a,AC_51,Sema6a,0.1853536468008108
Lrp1b,AC_51,Lrp1b,0.1893679593643311
Pcdh17,AC_51,Pcdh17,0.2112436732871034
Vsnl1,AC_51,Vsnl1,0.1360699050404263
Man1a,AC_51,Man1a,0.1390076602343881
Ralyl,AC_51,Ralyl,0.2194476818128097
Nnat,AC_51,Nnat,0.4636722398188106
Efna5,AC_52,Efna5,0.190448592793548
Chst9,AC_52,Chst9,0.1869078855326182
Galntl6,AC_52,Galntl6,0.5501287444481191
Marchf1,AC_52,Marchf1,0.1926937183985124
Fxyd6,AC_52,Fxyd6,0.1813283302457659
Lrfn5,AC_52,Lrfn5,0.3488398268721346
Stmn2,AC_52,Stmn2,0.2516555762597516
C1ql3,AC_52,C1ql3,0.5807283282038731
Rbms3,AC_52,Rbms3,0.3528549876685419
Cngb3,AC_52,Cngb3,0.2299003942764949
Rbfox1,AC_52,Rbfox1,0.229456376656399
Opcml,AC_52,Opcml,0.3228997920167371
Stxbp6,AC_52,Stxbp6,0.348206483723042
Vsnl1,AC_52,Vsnl1,0.1782142663032287
Cdh20,AC_52,Cdh20,0.2299650514370568
Cntnap5b,AC_52,Cntnap5b,0.300953598741908
Cacna2d1,AC_52,Cacna2d1,0.2235388905450073
Tfap2b,AC_53,Tfap2b,0.0013125404686421
Cbln2,AC_53,Cbln2,0.0096721363615664
Ptpro,AC_53,Ptpro,0.0041308189875023
A930001A20Rik,AC_53,A930001A20Rik,0.0010904913549555
Olfm3,AC_53,Olfm3,0.0117423453652321
Igfbp2,AC_53,Igfbp2,0.007689960848921
Gfra1,AC_53,Gfra1,0.0033079260929132
Fxyd6,AC_54,Fxyd6,0.323332156590478
Ywhah,AC_54,Ywhah,0.1231602372927128
Stmn2,AC_54,Stmn2,0.1396557306331923
Cntn5,AC_54,Cntn5,0.1371978606086358
Dpp10,AC_54,Dpp10,0.1415033756766631
Mgat4c,AC_54,Mgat4c,0.2535378203365419
Tfap2b,AC_54,Tfap2b,0.1141575562396148
Dlgap2,AC_54,Dlgap2,0.113036286750021
Nav2,AC_54,Nav2,0.1220066295398037
Slc32a1,AC_54,Slc32a1,0.128667690782059
Cdh6,AC_54,Cdh6,0.1462567496285512
Tac2,AC_54,Tac2,0.5138789065139255
Meis2,AC_54,Meis2,0.1470251577710496
Kalrn,AC_54,Kalrn,0.1166516297898908
Cpne5,AC_54,Cpne5,0.1352856267305873
Ptprt,AC_54,Ptprt,0.1305493615515593
Sorcs1,AC_54,Sorcs1,0.1571326626187296
Nrg1_ENSMUSG00000062991,AC_54,Nrg1_ENSMUSG00000062991,0.2033071631641598
Schip1,AC_54,Schip1,0.1938736046844677
Csmd3,AC_55,Csmd3,0.2042231701986251
Lrrtm4,AC_55,Lrrtm4,0.2267633616861016
Lingo2,AC_55,Lingo2,0.2048992380011075
Lrrc4c,AC_55,Lrrc4c,0.3245584538373189
Cbln2,AC_55,Cbln2,0.2588374163688279
Sorcs3,AC_55,Sorcs3,0.3056072619619255
Galnt18,AC_55,Galnt18,0.2397520865365868
Rnf220,AC_55,Rnf220,0.2392796123097902
Glul,AC_55,Glul,0.2376561637601877
Pcdh7,AC_55,Pcdh7,0.3362176378179249
Gabra2,AC_55,Gabra2,0.2107784023241292
Mafb,AC_55,Mafb,0.2935369014423274
Nnat,AC_55,Nnat,0.31105126045195
Cngb3,AC_55,Cngb3,0.2291243815438175
Csmd1,AC_55,Csmd1,0.4663869466942933
Slc24a3,AC_55,Slc24a3,0.2122491048318374
Nr4a2,AC_55,Nr4a2,0.3076151647104314
Spp1,AC_55,Spp1,0.2077087180871428
Mast4,AC_55,Mast4,0.2204060689433904
Junb,AC_56,Junb,0.322993588930219
Grm1,AC_56,Grm1,0.4835299579700035
Pde3a,AC_56,Pde3a,0.3520342323933019
Tfap2b,AC_56,Tfap2b,0.406747091629335
Cntn5,AC_56,Cntn5,0.5033232113254893
Fos,AC_56,Fos,0.7009778832276856
Kcnd2,AC_56,Kcnd2,0.3015805147377027
Ptprm,AC_56,Ptprm,0.3254253762426833
Nrg1_ENSMUSG00000062991,AC_56,Nrg1_ENSMUSG00000062991,0.3949143189196842
Mgat4c,AC_56,Mgat4c,0.2815016478781235
Grid2,AC_56,Grid2,0.4260732918442101
Plxna4,AC_56,Plxna4,0.2693149962131143
Gnb3,AC_56,Gnb3,0.3339757956505625
Alk,AC_56,Alk,0.3077765906472007
Pantr1,AC_56,Pantr1,0.4153747684030198
Xist,AC_56,Xist,0.2743226988708753
Pcp2,AC_56,Pcp2,0.329730227443904
Tafa2,AC_57,Tafa2,0.2873061208607831
Gabra2,AC_57,Gabra2,0.1594860812270273
Kirrel3,AC_57,Kirrel3,0.2334619364347884
Gabrg3,AC_57,Gabrg3,0.2621669740767919
Zmat4,AC_57,Zmat4,0.2084134995022958
Serpine2,AC_57,Serpine2,0.2019422117912214
Pcdh15,AC_57,Pcdh15,0.4236373959813272
Cbln2,AC_57,Cbln2,0.1509058802005943
Fxyd6,AC_57,Fxyd6,0.2062152724233011
Lingo2,AC_57,Lingo2,0.2160906802308477
Tmeff2,AC_57,Tmeff2,0.3378593340049352
Nr4a2,AC_57,Nr4a2,0.1673924988806148
Csmd1,AC_57,Csmd1,0.1662927968932616
Cpm,AC_57,Cpm,0.1525527202008177
Stmn2,AC_57,Stmn2,0.1693714344157031
Sgcz,AC_57,Sgcz,0.4095264472563561
Plcb1,AC_57,Plcb1,0.2380424572013344
Sorcs1,AC_57,Sorcs1,0.4022778497858019
Kcnq5,AC_58,Kcnq5,0.3233755289792832
Pcdh17,AC_58,Pcdh17,0.2600747449361059
Prkg1,AC_58,Prkg1,0.24948556001998
Alcam,AC_58,Alcam,0.1964275460800289
Galntl6,AC_58,Galntl6,0.600125499931674
Epha6,AC_58,Epha6,0.4337800117394593
Cdh8,AC_58,Cdh8,0.2383622365412808
Ncam2,AC_58,Ncam2,0.178048409440445
Gpc6,AC_58,Gpc6,0.2322407956033493
Ralyl,AC_58,Ralyl,0.3072721690752794
Synpr,AC_58,Synpr,0.1608639327426238
Tafa1,AC_58,Tafa1,0.4226343117908331
Hcn1,AC_58,Hcn1,0.1806642606895739
Adarb2,AC_58,Adarb2,0.2466187791571621
Nrg1_ENSMUSG00000062991,AC_58,Nrg1_ENSMUSG00000062991,0.1689886788300178
Lrp1b,AC_58,Lrp1b,0.1601019538639049
Grm7,AC_58,Grm7,0.227869829918273
Pcdh9,AC_58,Pcdh9,0.4019584942044572
Tafa1,AC_59,Tafa1,0.2964213845830892
Sox5,AC_59,Sox5,0.528641803200313
Alcam,AC_59,Alcam,0.2591975254139954
Unc5d,AC_59,Unc5d,0.3310030220695014
Serpine2,AC_59,Serpine2,0.3226560454560299
Sorcs1,AC_59,Sorcs1,0.3723077111938335
Cngb3,AC_59,Cngb3,0.3614401194978809
Ptprt,AC_59,Ptprt,0.2809345717628584
C130073E24Rik,AC_59,C130073E24Rik,0.2810766469911099
Fxyd6,AC_59,Fxyd6,0.449511060331072
Penk,AC_59,Penk,0.4751857889429762
Mast4,AC_59,Mast4,0.2610514303586678
Cbln2,AC_59,Cbln2,0.3132243650596725
Igfbp2,AC_59,Igfbp2,0.2482036423510982
Mgat4c,AC_59,Mgat4c,0.2793993627009188
Ptprm,AC_59,Ptprm,0.3442902904573247
Erbb4,AC_59,Erbb4,0.3017715948046101
Plxdc2,AC_59,Plxdc2,0.2479513304168559
Olfm3,AC_6,Olfm3,0.6529380241655871
Stxbp6,AC_6,Stxbp6,0.251649246981838
Slc24a2,AC_6,Slc24a2,0.3439233815481146
Cbln2,AC_6,Cbln2,0.3971181306674227
Astn2,AC_6,Astn2,0.3083888374696314
Ptpro,AC_6,Ptpro,0.2254017709794314
Gfra1,AC_6,Gfra1,0.2759177456037962
Cdh20,AC_6,Cdh20,0.3151453881191262
Id4,AC_6,Id4,0.2900757079440272
Robo1,AC_6,Robo1,0.450543113322149
Lrrc4c,AC_6,Lrrc4c,0.2908624194567342
Prkca,AC_6,Prkca,0.3643193239597965
P3h2,AC_6,P3h2,0.259052811767946
Arhgef26,AC_6,Arhgef26,0.2830376462001492
Pde3a,AC_6,Pde3a,0.2617802173324361
Aldoc,AC_6,Aldoc,0.3630106509879981
Igfbp2,AC_6,Igfbp2,0.6196526967758749
Gabra1,AC_6,Gabra1,0.3574924900032262
Dlgap2,AC_61,Dlgap2,0.2354951791785154
C1ql2,AC_61,C1ql2,0.2541359239072832
Nkain3,AC_61,Nkain3,0.2707528676635
Tfap2b,AC_61,Tfap2b,0.237781866614728
Filip1l,AC_61,Filip1l,0.3930475291198564
Lingo2,AC_61,Lingo2,0.4428650566076432
Lrrtm4,AC_61,Lrrtm4,0.2646415813856294
Zmat4,AC_61,Zmat4,0.3409925963070929
Grid2,AC_61,Grid2,0.2522047792886566
Cdh20,AC_61,Cdh20,0.5218556189517299
Gabrg3,AC_61,Gabrg3,0.371333620292173
Spock1,AC_61,Spock1,0.2707914932645231
C1ql1,AC_61,C1ql1,0.2654394090623858
Csmd1,AC_61,Csmd1,0.2425932554297785
Cbln2,AC_61,Cbln2,0.4682599793043444
Erbb4,AC_61,Erbb4,0.2299892040588916
Epha3,AC_61,Epha3,0.5068086195200697
Cpm,AC_62,Cpm,0.0004275193521642
Tac2,AC_63,Tac2,0.3175600108667412
Sorcs1,AC_63,Sorcs1,0.1013669807256821
Dlgap1,AC_63,Dlgap1,0.0719796196951353
Galntl6,AC_63,Galntl6,0.0874956701047548
Nav3,AC_63,Nav3,0.100420476775785
Scg2,AC_63,Scg2,0.130374094210644
Mgat4c,AC_63,Mgat4c,0.1511931455009316
Tac1,AC_63,Tac1,0.1780296254576834
Frmpd4,AC_63,Frmpd4,0.1099081728106076
Vgf,AC_63,Vgf,0.1088552160684281
Kalrn,AC_63,Kalrn,0.0911578393146881
Lrp1b,AC_63,Lrp1b,0.0731894048544264
Dpp10,AC_63,Dpp10,0.1521105969086668
Resp18,AC_63,Resp18,0.1388360433461973
Tenm1,AC_63,Tenm1,0.1496129688346408
Nrg3,AC_63,Nrg3,0.091226236040959
Nrg1_ENSMUSG00000062991,AC_63,Nrg1_ENSMUSG00000062991,0.154894548455667
Fgf14,AC_63,Fgf14,0.1550726950983172
Robo1,AC_63,Robo1,0.0808779985429232
C1ql2,AC_7,C1ql2,0.3407976832171025
Reln,AC_7,Reln,0.4958752181287195
Cntn5,AC_7,Cntn5,0.4792336477295891
AI593442,AC_7,AI593442,0.4160391454949876
Zmat4,AC_7,Zmat4,0.4228743889568094
Robo1,AC_7,Robo1,0.8267943806989126
Gas7,AC_7,Gas7,0.3201372562151734
Chst9,AC_7,Chst9,0.5785451897740012
Sema6a,AC_7,Sema6a,0.3367337962348126
Pcdh17,AC_7,Pcdh17,0.6708110652567651
Tac1,AC_7,Tac1,0.3727011406514583
Cxcl14,AC_7,Cxcl14,1.0572985555517898
Prkg1,AC_7,Prkg1,0.4152834479425001
Nkain2,AC_7,Nkain2,0.3384486192935951
Stxbp6,AC_7,Stxbp6,0.3984355567492972
Sema6a,AC_8,Sema6a,0.2428766956499274
Sdk1,AC_8,Sdk1,0.3132463583860685
Galnt17,AC_8,Galnt17,0.2587543585647183
C1ql2,AC_8,C1ql2,0.2566386240458231
Chrm3,AC_8,Chrm3,0.3290073422345491
C1ql1,AC_8,C1ql1,0.3853822791328542
Kcnab1,AC_8,Kcnab1,0.2377551715542027
Cpne5,AC_8,Cpne5,0.2060303382234963
Car2,AC_8,Car2,0.4243757972055719
Unc13c,AC_8,Unc13c,0.4784924139513386
Sox5,AC_8,Sox5,0.2981110826120935
Cdkn1c,AC_8,Cdkn1c,0.2653124448490384
Kirrel3,AC_8,Kirrel3,0.8411197574944571
Lrrc4c,AC_8,Lrrc4c,0.3660143256803435
Rnf220,AC_8,Rnf220,0.4485399981059567
Chgb,AC_8,Chgb,0.2056296177714274
Cntnap2,AC_8,Cntnap2,0.2079781031364849
Ralyl,AC_8,Ralyl,0.2437489889994523
Tfap2b,AC_8,Tfap2b,0.3635795649870659
Mgat4c,AC_9,Mgat4c,0.3584315810414848
Trhde,AC_9,Trhde,0.4904477221624359
Kirrel3,AC_9,Kirrel3,0.1959767287474494
Spock3,AC_9,Spock3,0.2542933317843647
Lamp5,AC_9,Lamp5,0.3160028489291664
Zfp804a,AC_9,Zfp804a,0.2171358044066915
Prkg1,AC_9,Prkg1,0.2300409772598806
Nfia,AC_9,Nfia,0.2490620758006058
Car2,AC_9,Car2,0.1958019050597061
Grid2,AC_9,Grid2,0.2558990315680479
Tfap2b,AC_9,Tfap2b,0.2070350410197005
Sorcs1,AC_9,Sorcs1,0.2844913379397812
Tafa1,AC_9,Tafa1,0.3820124224310078
Egfem1,AC_9,Egfem1,0.2851775928608274
Hpgd,AC_9,Hpgd,0.2139291326439595
A930001A20Rik,AC_9,A930001A20Rik,0.3568275310335602
Slc6a1,AC_9,Slc6a1,0.2874313033436479
Csrp1,Astrocyte,Csrp1,0.1635212787974176
Junb,Astrocyte,Junb,0.169427141314123
Hspa1a,Astrocyte,Hspa1a,0.4275818109864072
Mlc1,Astrocyte,Mlc1,0.1576760806188205
Dnajb1,Astrocyte,Dnajb1,0.1777726911052013
Vcl,Astrocyte,Vcl,0.2906782868278312
Zswim6,Astrocyte,Zswim6,0.1640421040518459
Ccn1,Astrocyte,Ccn1,0.2171485780477288
Ppp1r15a,Astrocyte,Ppp1r15a,0.1608687263320745
S100b,Astrocyte,S100b,0.2426588003663001
Creb5,Astrocyte,Creb5,0.3201515158167459
Wwtr1,Astrocyte,Wwtr1,0.1877854859248609
Fosb,Astrocyte,Fosb,0.2965716545857423
Aldoc,Astrocyte,Aldoc,0.1715274790647015
Atf3,Astrocyte,Atf3,0.2270114608110786
Egr1,Astrocyte,Egr1,0.1873363387578571
Fos,Astrocyte,Fos,0.3082817803571528
Gfap,Astrocyte,Gfap,0.2603657537934283
Eftud2,Astrocyte,Eftud2,0.4056064131040759
Glul,BC,Glul,0.6147581461540808
Csmd1,BC,Csmd1,0.4729130476495426
Ncam2,BC,Ncam2,0.525270955630892
Trpm3,BC,Trpm3,0.3590405005461554
Asic2,BC,Asic2,0.3189426973292842
Tmsb4x,BC,Tmsb4x,0.3391128686631126
Slc1a3,BC,Slc1a3,0.3353323328331001
Cck,BC,Cck,0.3981925416445253
St18,BC,St18,0.3172416070793635
Tnnt1,BC,Tnnt1,0.4066322987675733
Mylk,BC1A,Mylk,0.3325967282764446
Pals2,BC1A,Pals2,0.2751991159540406
Pde1a,BC1A,Pde1a,0.209249326488772
Gabrb1,BC1A,Gabrb1,0.3287724249356696
Gabra1,BC1A,Gabra1,0.4129190349057789
Galntl6,BC1A,Galntl6,0.3221987501453197
Tenm3,BC1A,Tenm3,0.2132757833950844
Tmeff2,BC1A,Tmeff2,0.4011071419388102
Rpgrip1,BC1A,Rpgrip1,0.4475019223781334
Ldb2,BC1A,Ldb2,0.2170128746138555
Slit2,BC1A,Slit2,0.6429563477557108
Pcdh17,BC1A,Pcdh17,1.0071172889706177
Frmd3,BC1A,Frmd3,0.2118083292956307
Nxph1,BC1B,Nxph1,0.8309890678351636
Ncam2,BC1B,Ncam2,0.417468673654131
Ldb2,BC1B,Ldb2,0.2015606721514513
Zfhx4,BC1B,Zfhx4,0.2109085126521098
Fn1,BC1B,Fn1,0.1922134525999071
Pcdh10,BC1B,Pcdh10,0.4584290159586437
Cdh8,BC1B,Cdh8,0.2344118499823868
Cabp5,BC1B,Cabp5,0.6305542348055714
Car2,BC1B,Car2,0.4153094164575879
Vsx2,BC1B,Vsx2,0.2114815246617393
Gm20754,BC1B,Gm20754,0.279230343073071
Grm5,BC1B,Grm5,0.3014536482796924
Chrm2,BC2,Chrm2,0.219862378154278
Pcp4l1,BC2,Pcp4l1,0.2379356396559283
Ebf1,BC2,Ebf1,0.3248088669210074
Scg2,BC2,Scg2,0.213498137625218
Zfhx4,BC2,Zfhx4,0.2253706657325816
Bhlhe22,BC2,Bhlhe22,0.2044687187028857
Tnnt1,BC2,Tnnt1,0.2696486630265368
Pde1a,BC2,Pde1a,0.2495109703084071
Pcp4,BC2,Pcp4,0.1811591618663265
Slit2,BC2,Slit2,0.2426292414395865
Ntng1,BC2,Ntng1,0.1910796078154964
Nxph1,BC2,Nxph1,0.4266116239029607
Lamp5,BC2,Lamp5,0.2786686932361532
Neto1,BC2,Neto1,0.5861395805741263
Cdh8,BC2,Cdh8,0.3481762399229391
Rcvrn,BC2,Rcvrn,0.1827350883914327
Galntl6,BC2,Galntl6,0.3279775802183111
Tmeff2,BC2,Tmeff2,0.2296955721298241
Ntng1,BC3A,Ntng1,0.3375677244138748
Kcnh7,BC3A,Kcnh7,0.3963227177887563
Zfhx4,BC3A,Zfhx4,0.2202380301491613
Gm20754,BC3A,Gm20754,0.342344710801396
Epha3,BC3A,Epha3,0.1890744540225885
Cabp5,BC3A,Cabp5,0.2536710560908631
Scg2,BC3A,Scg2,0.2571122140446505
Clstn2,BC3A,Clstn2,0.1838916726840781
Scgn,BC3A,Scgn,0.2142087129714182
Grik1,BC3A,Grik1,0.3870506160149652
Pcp2,BC3A,Pcp2,0.2626077996351999
Erbb4,BC3A,Erbb4,0.6766284310937072
Atp2b1,BC3A,Atp2b1,0.2236737095987507
Csmd3,BC3A,Csmd3,0.1710957965367773
Cntnap5a,BC3A,Cntnap5a,0.2010218090113327
Slit2,BC3A,Slit2,0.6056331145159992
Cdh18,BC3A,Cdh18,0.2433697577137339
Gsg1,BC3A,Gsg1,0.576002844602371
Kirrel3,BC3B,Kirrel3,0.6837750647552331
Cngb3,BC3B,Cngb3,0.6009256236358387
Sulf1,BC3B,Sulf1,0.4648903738878479
Adamtsl1,BC3B,Adamtsl1,0.3760419796712005
Grik1,BC3B,Grik1,1.4272741486483764
Meis2,BC3B,Meis2,0.465405904630372
Gnat2,BC3B,Gnat2,0.3188486574785309
Gngt2,BC3B,Gngt2,0.408312364976206
Tenm3,BC3B,Tenm3,0.4398816530398525
Sgcz,BC3B,Sgcz,0.5556042272252352
Cabp5,BC3B,Cabp5,0.5324786974039021
Gsg1,BC3B,Gsg1,0.6968166763109253
Nnat,BC3B,Nnat,1.0558905391063322
Grik1,BC4,Grik1,0.49573208690774
Cacna2d1,BC4,Cacna2d1,0.2548367713968895
Nfib,BC4,Nfib,0.2933235338689582
Gsg1,BC4,Gsg1,0.2514573171472027
Ptprm,BC4,Ptprm,0.2555047817273997
Pcp4,BC4,Pcp4,0.2790521738465401
Rpgrip1,BC4,Rpgrip1,0.4129976444109248
Gabrr3,BC4,Gabrr3,0.334318962822264
Cdh12,BC4,Cdh12,0.2722252227782537
Kctd16,BC4,Kctd16,0.2778967660419297
Camk4,BC4,Camk4,0.3030120449010314
Scgn,BC4,Scgn,0.5944526280342209
Kcnd3,BC4,Kcnd3,0.5359700638317957
Cabp5,BC5A,Cabp5,0.5857608794625415
Nfia,BC5A,Nfia,0.3050992907775023
Slc24a2,BC5A,Slc24a2,0.3760861039422546
Man1a,BC5A,Man1a,0.2551151566771942
Grm6,BC5A,Grm6,0.3897538900864031
Cntn5,BC5A,Cntn5,0.7772483580144771
Ptprt,BC5A,Ptprt,0.4337609481512064
Slc8a1,BC5A,Slc8a1,0.6431296137453322
Gabrr2,BC5A,Gabrr2,0.3869185770485741
Sox6,BC5A,Sox6,0.9408989371533036
Hs3st4,BC5A,Hs3st4,0.5101920134241025
Egr1,BC5A,Egr1,0.3644257529715498
Il1rapl2,BC5A,Il1rapl2,0.3496654544388605
Esrrg,BC5B,Esrrg,0.3118218270149029
Cdh18,BC5B,Cdh18,0.3057259752901923
Epb41l2,BC5B,Epb41l2,0.2646399295794341
Adarb2,BC5B,Adarb2,0.4587553457858547
Thrb,BC5B,Thrb,0.2663462259036858
Gm20754,BC5B,Gm20754,0.2504248473081661
Gngt1,BC5B,Gngt1,0.427647750226299
Epha3,BC5B,Epha3,0.2956856007010366
Ndnf,BC5B,Ndnf,0.2780508713530947
Chrm2,BC5B,Chrm2,0.4100923855287811
Cngb3,BC5B,Cngb3,0.3240204204192431
Prph2,BC5B,Prph2,0.3028200600522697
Scg2,BC5B,Scg2,0.3348387602482725
Cabp5,BC5B,Cabp5,0.4475724343663004
Nnat,BC5B,Nnat,0.3152282639251984
Brinp3,BC5B,Brinp3,0.4045441291595054
Sphkap,BC5B,Sphkap,0.2646426986845218
Nwd2,BC5B,Nwd2,0.2935354598306004
Pcdh7,BC5B,Pcdh7,0.2962407101952024
Kcnb2,BC5C,Kcnb2,0.4108704008740992
Csmd1,BC5C,Csmd1,0.5324663101466375
Nfib,BC5C,Nfib,0.3644842147910386
Pcp2,BC5C,Pcp2,0.4981829023214013
Vwc2l,BC5C,Vwc2l,0.4859225246598287
Gabrr3,BC5C,Gabrr3,0.4681378743575289
Pcp4,BC5C,Pcp4,0.4184343353761742
Cntn5,BC5C,Cntn5,0.3734248282286521
Cntn4,BC5C,Cntn4,0.3452343188493858
Tmem200a,BC5C,Tmem200a,0.2955788598937239
Anks1b,BC5C,Anks1b,0.3101337673630497
Tenm2,BC5C,Tenm2,0.439350289208078
Gsg1,BC5C,Gsg1,0.3051774534675239
Chrm3,BC5C,Chrm3,0.3223447114128134
Inpp4b,BC5C,Inpp4b,0.2908456797256466
Epha7,BC5D,Epha7,0.2651092907696702
Kirrel3,BC5D,Kirrel3,0.8360145194800064
Nrg3,BC5D,Nrg3,0.4060367209050894
Gsg1,BC5D,Gsg1,0.2989101715179461
Kcnd2,BC5D,Kcnd2,0.3021112554781358
Pcdh7,BC5D,Pcdh7,0.4309601716017004
Cxcl14,BC5D,Cxcl14,0.2103288261381587
Dach1,BC5D,Dach1,0.2034657396442288
Meis2,BC5D,Meis2,0.5703202688867025
Nfia,BC5D,Nfia,0.3689164249242767
Neurod4,BC5D,Neurod4,0.1901713281108602
Fam135b,BC5D,Fam135b,0.2132280163801114
Schip1,BC5D,Schip1,0.2924789249930718
Lmo4,BC5D,Lmo4,0.236239102603901
Rgs7,BC5D,Rgs7,0.2402221277690738
Atp2b1,BC5D,Atp2b1,0.3382746622845239
Adarb2,BC5D,Adarb2,0.2041243369866886
Inpp4b,BC6,Inpp4b,0.4082148631440119
Grid2,BC6,Grid2,0.5611137658506348
Trpm1,BC6,Trpm1,0.3909517245575414
Gpc6,BC6,Gpc6,0.5820465105702984
Ryr3,BC6,Ryr3,0.4227620180207675
Ldb2,BC6,Ldb2,0.4301275900632544
Scg2,BC6,Scg2,0.7900473625694641
Scgn,BC6,Scgn,0.396828124440609
Rbp1,BC6,Rbp1,0.3881147228710618
Isl1,BC6,Isl1,0.4944118003582645
Chst9,BC6,Chst9,0.6756441777188639
Gnb3,BC6,Gnb3,0.4118189081619541
Ptprm,BC6,Ptprm,0.9192677399147892
Cdh18,BC6,Cdh18,0.4350225009331357
Cck,BC6,Cck,0.7747312727430473
Grm6,BC6,Grm6,0.4353520718318098
Sulf1,BC6,Sulf1,0.3882286072693423
Sox5,BC7,Sox5,0.4125308826596231
Cdh9,BC7,Cdh9,0.3559286046671071
Il1rapl2,BC7,Il1rapl2,0.4947339213444147
Zeb2,BC7,Zeb2,0.2782826953151338
Kcnab1,BC7,Kcnab1,0.2712704411164045
Tmsb10,BC7,Tmsb10,0.2722072712256588
Hs3st4,BC7,Hs3st4,0.3332532773866228
Rgs3,BC7,Rgs3,0.2739540943573849
Adcy2,BC7,Adcy2,0.3423037523017215
Chrm3,BC7,Chrm3,0.4943194677558917
Fn1,BC7,Fn1,0.3662056591830743
Pcp2,BC7,Pcp2,0.4537175304598576
Ndnf,BC7,Ndnf,0.2920205982047893
Gabrr2,BC7,Gabrr2,0.2710283987224898
Pcdh7,BC8,Pcdh7,0.5739520517528856
Tenm2,BC8,Tenm2,0.3014749471343599
Spock3,BC8,Spock3,0.3863009545861304
Tenm3,BC8,Tenm3,0.2542524830100245
Dmd,BC8,Dmd,0.268800751502745
Gabrb1,BC8,Gabrb1,0.2338840373781104
Lrp1b,BC8,Lrp1b,0.4978625880983347
Adarb2,BC8,Adarb2,0.4017959863649925
C130073E24Rik,BC8,C130073E24Rik,0.4823472450115418
Nrg1_ENSMUSG00000062991,BC8,Nrg1_ENSMUSG00000062991,0.2626188667432036
Csmd3,BC8,Csmd3,0.8168430073479991
Npas3,BC8,Npas3,0.3847008723526663
Egr1,BC8,Egr1,0.2526106134831769
Cntnap2,BC8,Cntnap2,0.2473877304529412
Plcb1,BC8,Plcb1,0.2775705783687074
Lrp1b,BC9,Lrp1b,0.5465427912619185
Fam135b,BC9,Fam135b,0.1791322592741489
Cdh12,BC9,Cdh12,0.1708906745376001
Spon1,BC9,Spon1,0.1576781680422887
Cpne9,BC9,Cpne9,0.7145865489058505
Adarb2,BC9,Adarb2,0.3034614499450555
Kcnab1,BC9,Kcnab1,0.3109988665452906
Chgb,BC9,Chgb,0.1850748551712362
Tshz2,BC9,Tshz2,0.3349564254032327
Pcdh11x,BC9,Pcdh11x,0.4386459740693961
Tafa1,BC9,Tafa1,0.3022670773944497
Tenm1,BC9,Tenm1,0.5074338095875202
Kirrel3,BC9,Kirrel3,0.216984597602714
Gngt2,BC9,Gngt2,0.3453571580325345
Ntrk3,BC9,Ntrk3,0.2858534068906077
Rpgrip1,BC9,Rpgrip1,0.3011969651077087
Slc24a2,Cone,Slc24a2,0.1582134324968249
Rtbdn,Cone,Rtbdn,0.1042112782448973
Cngb3,Cone,Cngb3,0.3085011185254794
Gngt2,Cone,Gngt2,0.2702110112761845
Mylk,Cone,Mylk,0.1657753151206993
Gnb3,Cone,Gnb3,0.1606836649817886
Lrfn2,Cone,Lrfn2,0.1310359412358619
Pde6h,Cone,Pde6h,0.4539442070274149
Gnat2,Cone,Gnat2,0.2486441457490581
Pde6c,Cone,Pde6c,0.266707091150839
Opn1mw,Cone,Opn1mw,0.3837613632508383
Gm32442,Cone,Gm32442,0.1182058953880878
Opn1sw,Cone,Opn1sw,0.2375878997815393
Pals2,Cone,Pals2,0.1065525646364723
Pcdh15,Cone,Pcdh15,0.196852481853057
Arr3,Cone,Arr3,0.4552001249308681
Rbp3,Cone,Rbp3,0.1557548559697036
Cdh18,Cone,Cdh18,0.2755231539659567
Tm4sf1,Endothelial,Tm4sf1,0.1242595915226999
Arl15,Endothelial,Arl15,0.1385628907762304
Ptprm,Endothelial,Ptprm,0.1499148757788276
Mecom,Endothelial,Mecom,0.1451946162766275
Ptprb,Endothelial,Ptprb,0.1523495104461063
Id1,Endothelial,Id1,0.131389266425371
Adgrl4,Endothelial,Adgrl4,0.1725001610171035
Ly6a,Endothelial,Ly6a,0.1658229882012592
Ly6c1,Endothelial,Ly6c1,0.2163119358695801
Ctla2a,Endothelial,Ctla2a,0.1403429511497178
Flt1,Endothelial,Flt1,0.2718145978524842
Klf2,Endothelial,Klf2,0.1469265300714742
Slco1a4,Endothelial,Slco1a4,0.1443994615205771
Bsg,Endothelial,Bsg,0.1352335373528285
Itm2a,Endothelial,Itm2a,0.1892570865635519
Plcb1,Endothelial,Plcb1,0.1561815301596018
Cldn5,Endothelial,Cldn5,0.3355066066767332
Pltp,Endothelial,Pltp,0.1767538070893563
Igfbp7,Endothelial,Igfbp7,0.1392507190425589
Vwc2,HC,Vwc2,0.1646771379181267
Egfem1,HC,Egfem1,0.1811207007486785
Vim,HC,Vim,0.3292973521404346
Utrn,HC,Utrn,0.2141979704159144
Dock4,HC,Dock4,0.1825578323739581
Chgb,HC,Chgb,0.2161238406147807
Arhgap15,HC,Arhgap15,0.2164455186986134
Calb1,HC,Calb1,0.4203549619344586
Rgs3,HC,Rgs3,0.1429392746551577
Ndrg1,HC,Ndrg1,0.2367914011669289
Nebl,HC,Nebl,0.2553150562969488
Hs6st3,HC,Hs6st3,0.2117391810341506
C1ql1,HC,C1ql1,0.1433284213634306
Thsd7b,HC,Thsd7b,0.2810561477863331
Rbms3,HC,Rbms3,0.1272828099842282
Frmpd4,HC,Frmpd4,0.1786936061428063
Megf11,HC,Megf11,0.1792759914242948
Galnt18,HC,Galnt18,0.1460489861650156
Ryr3,HC,Ryr3,0.1270659087698149
Aqp4,MG,Aqp4,0.3460585514947667
Dbi,MG,Dbi,0.4062636059531133
Gpr37,MG,Gpr37,0.3429042076599253
Spc25,MG,Spc25,0.2457482098682903
Dkk3,MG,Dkk3,0.311583896376603
Il33,MG,Il33,0.3180823733272866
Prdx6,MG,Prdx6,0.4769668525976314
Mfge8,MG,Mfge8,0.2724434087384303
Col9a1,MG,Col9a1,0.3614253612336679
Rlbp1,MG,Rlbp1,0.3341100473997755
Abca8a,MG,Abca8a,0.2349125607924458
Acsl3,MG,Acsl3,0.3521188868606659
Clu,MG,Clu,0.5196942760213529
Gng5,MG,Gng5,0.3287613647109651
Glul,MG,Glul,0.7132772370860008
Ctss,Microglia,Ctss,0.5979797120878446
Dnajb1,Microglia,Dnajb1,0.4020594555015558
Ctsd,Microglia,Ctsd,0.3111452690497734
Tmsb4x,Microglia,Tmsb4x,0.4127335266808216
Hspa1a,Microglia,Hspa1a,0.6437984553910776
Selenop,Microglia,Selenop,0.416364837997817
C1qa,Microglia,C1qa,0.3489750174299639
Trem2,Microglia,Trem2,0.3203649010767726
Ftl1,Microglia,Ftl1,0.2808945053572838
Cd74,Microglia,Cd74,0.4085519102612728
C1qb,Microglia,C1qb,0.3523925399564921
Sdk1,Microglia(cycling),Sdk1,0.4329210130021892
Coro1a,Microglia(cycling),Coro1a,0.2291167232298535
Cxcl10,Microglia(cycling),Cxcl10,0.2589778757669932
Cd52,Microglia(cycling),Cd52,0.2388703822602034
Stmn1,Microglia(cycling),Stmn1,0.7447663831313001
Hmgb2,Microglia(cycling),Hmgb2,0.6928368950717474
Cdkn1a,Microglia(cycling),Cdkn1a,0.3683294065966581
Ndufa4l2,Pericyte,Ndufa4l2,0.1565391535281974
Igfbp7,Pericyte,Igfbp7,0.2612715258381815
Pdgfrb,Pericyte,Pdgfrb,0.1276256419681442
Mylk,Pericyte,Mylk,0.1415103523206209
Myl9,Pericyte,Myl9,0.2816400357871104
Ebf1,Pericyte,Ebf1,0.1309673231653206
Plcl1,Pericyte,Plcl1,0.1626858588324554
Crip1,Pericyte,Crip1,0.1312185703209816
Atp1a2,Pericyte,Atp1a2,0.150455951628523
Rbms3,Pericyte,Rbms3,0.1294243369755098
Cald1,Pericyte,Cald1,0.2546800636508094
Vtn,Pericyte,Vtn,0.2148684294169166
Mgp,Pericyte,Mgp,0.2311640201596137
Mfge8,Pericyte,Mfge8,0.1925890025974615
Sparcl1,Pericyte,Sparcl1,0.1598497478137769
Rgs5,Pericyte,Rgs5,0.3126144366114092
Pde3a,Pericyte,Pde3a,0.1455430457044696
Dlc1,Pericyte,Dlc1,0.1756399564674382
Car8,RBC,Car8,0.2488843589710364
Pcp4,RBC,Pcp4,0.5033194778574288
Prkca,RBC,Prkca,0.3948537971735241
Tpbg,RBC,Tpbg,0.203094606437126
Cntn4,RBC,Cntn4,0.5507991344674789
Pcp2,RBC,Pcp2,0.455285622768105
Vstm2b,RBC,Vstm2b,0.1719153473921414
Trpm1,RBC,Trpm1,0.3060731068134421
Lrrtm4,RBC,Lrrtm4,0.1813930334661028
Kcnmb2,RBC,Kcnmb2,0.1867256551983256
Mt1,RBC,Mt1,0.2574315461162144
Cep112,RBC,Cep112,0.2002764945517679
Chgb,RBC,Chgb,0.4351011436135388
H2-K1,RGC,H2-K1,0.9972972908178348
Ctss,RGC,Ctss,0.9408337361225116
Atf3,RGC,Atf3,1.8493027583821235
Creb5,RGC,Creb5,1.331951552597208
Gngt1,RGC,Gngt1,0.9783951380864182
Tnnt1,RGC,Tnnt1,1.1267600083235665
Tfap2b,RGC,Tfap2b,0.9295833939218684
Cryab,RGC,Cryab,1.492417645934057
Slc16a1,RPE,Slc16a1,0.1653081325936199
Timp3,RPE,Timp3,0.1044844669052953
Rbp1,RPE,Rbp1,0.2179618781849982
Gsta4,RPE,Gsta4,0.0986389171614968
Rdh5,RPE,Rdh5,0.1954253183393156
Rpe65,RPE,Rpe65,0.3569518365394757
Vtn,RPE,Vtn,0.1005795374224577
Ctsd,RPE,Ctsd,0.1029142337358779
Slc16a8,RPE,Slc16a8,0.1581490054830759
Rgr,RPE,Rgr,0.236068520877297
Trf,RPE,Trf,0.2536551176121636
Mt3,RPE,Mt3,0.0987818233030042
Col8a1,RPE,Col8a1,0.1035922138186989
Marchf1,Rod,Marchf1,0.4208515514839973
Tmem108,Rod,Tmem108,0.2645413156607907
Cmss1,Rod,Cmss1,0.5440447069408292
Pde6g,Rod,Pde6g,0.260567413581465
Rho,Rod,Rho,0.538663718511692
Pex5l,Rod,Pex5l,0.3448595458394366
Rp1,Rod,Rp1,0.2725084134980445
Nefm,Rod,Nefm,0.2910390772403931
Sag,Rod,Sag,0.3489407217310827
Pcp4,Rod,Pcp4,0.4301940577065409
Dmd,Rod,Dmd,0.2701235643975904
Epb41,Rod,Epb41,0.272485042438654
